"","High","Low","Model","BuildingID_MeterID","algorithm"
"High",1433,163,"Weekday+ Base_hour_Flag+ Holiday+ TemperatureF+ Dew_PointF","28096_1","KNN"
"Low",158,298,"Weekday+ Base_hour_Flag+ Holiday+ TemperatureF+ Dew_PointF","28096_1","KNN"
"High1",1302,210,"Weekday+ Base_hour_Flag+ Holiday+ TemperatureF+ Dew_PointF","28108_3","KNN"
"Low1",240,300,"Weekday+ Base_hour_Flag+ Holiday+ TemperatureF+ Dew_PointF","28108_3","KNN"
"High2",1155,280,"Weekday+ Base_hour_Flag+ Holiday+ TemperatureF+ Dew_PointF","28161_1","KNN"
"Low2",199,418,"Weekday+ Base_hour_Flag+ Holiday+ TemperatureF+ Dew_PointF","28161_1","KNN"
"High3",1213,252,"Weekday+ Base_hour_Flag+ Holiday+ TemperatureF+ Dew_PointF","28162_1","KNN"
"Low3",200,387,"Weekday+ Base_hour_Flag+ Holiday+ TemperatureF+ Dew_PointF","28162_1","KNN"
"High4",945,308,"Weekday+ Base_hour_Flag+ Holiday+ TemperatureF+ Dew_PointF","28168_1","KNN"
"Low4",298,501,"Weekday+ Base_hour_Flag+ Holiday+ TemperatureF+ Dew_PointF","28168_1","KNN"
"High5",1308,171,"Weekday+ Base_hour_Flag+ Holiday+ TemperatureF+ Dew_PointF","30602_1","KNN"
"Low5",306,267,"Weekday+ Base_hour_Flag+ Holiday+ TemperatureF+ Dew_PointF","30602_1","KNN"
"High6",648,390,"Weekday+ Base_hour_Flag+ Holiday+ TemperatureF+ Dew_PointF","5198_1","KNN"
"Low6",369,645,"Weekday+ Base_hour_Flag+ Holiday+ TemperatureF+ Dew_PointF","5198_1","KNN"
"High7",1569,110,"Weekday+ Base_hour_Flag+ Holiday+ TemperatureF+ Dew_PointF","5199_1","KNN"
"Low7",188,185,"Weekday+ Base_hour_Flag+ Holiday+ TemperatureF+ Dew_PointF","5199_1","KNN"
"High8",714,440,"Weekday+ Base_hour_Flag+ Holiday+ TemperatureF+ Dew_PointF","5286_1","KNN"
"Low8",478,420,"Weekday+ Base_hour_Flag+ Holiday+ TemperatureF+ Dew_PointF","5286_1","KNN"
"High9",1283,212,"Weekday+ Base_hour_Flag+ Holiday+ TemperatureF+ Dew_PointF","5290_1","KNN"
"Low9",277,280,"Weekday+ Base_hour_Flag+ Holiday+ TemperatureF+ Dew_PointF","5290_1","KNN"
"High10",3,50,"Weekday+ Base_hour_Flag+ Holiday+ TemperatureF+ Dew_PointF","5304_1","KNN"
"Low10",9,1846,"Weekday+ Base_hour_Flag+ Holiday+ TemperatureF+ Dew_PointF","5304_1","KNN"
"High11",1033,109,"Weekday+ Base_hour_Flag+ Holiday+ TemperatureF+ Dew_PointF","5304_3","KNN"
"Low11",139,189,"Weekday+ Base_hour_Flag+ Holiday+ TemperatureF+ Dew_PointF","5304_3","KNN"
"High12",916,296,"Weekday+ Base_hour_Flag+ TemperatureF+ Dew_PointF","28096_4","KNN"
"Low12",211,629,"Weekday+ Base_hour_Flag+ TemperatureF+ Dew_PointF","28096_4","KNN"
"High13",531,373,"Weekday+ Base_hour_Flag+ TemperatureF+ Dew_PointF","28168_4","KNN"
"Low13",266,882,"Weekday+ Base_hour_Flag+ TemperatureF+ Dew_PointF","28168_4","KNN"
"High14",923,222,"Weekday+ Base_hour_Flag+ TemperatureF+ Dew_PointF","75689_1","KNN"
"Low14",309,598,"Weekday+ Base_hour_Flag+ TemperatureF+ Dew_PointF","75689_1","KNN"
"High15",585,353,"Weekday+ Base_hour_Flag+ TemperatureF+ Dew_PointF","75690_1","KNN"
"Low15",230,884,"Weekday+ Base_hour_Flag+ TemperatureF+ Dew_PointF","75690_1","KNN"
"High16",633,266,"Weekday+ Base_hour_Flag+ TemperatureF+ Dew_PointF","75691_1","KNN"
"Low16",335,818,"Weekday+ Base_hour_Flag+ TemperatureF+ Dew_PointF","75691_1","KNN"
"High17",990,258,"Weekday+ Base_hour_Flag+ TemperatureF+ Dew_PointF","75692_1","KNN"
"Low17",219,585,"Weekday+ Base_hour_Flag+ TemperatureF+ Dew_PointF","75692_1","KNN"
"High18",565,387,"Weekday+ Base_hour_Flag+ TemperatureF+ Dew_PointF","75693_1","KNN"
"Low18",255,845,"Weekday+ Base_hour_Flag+ TemperatureF+ Dew_PointF","75693_1","KNN"
"High19",730,269,"Weekday+ Base_hour_Flag+ TemperatureF+ Dew_PointF","75694_1","KNN"
"Low19",229,824,"Weekday+ Base_hour_Flag+ TemperatureF+ Dew_PointF","75694_1","KNN"
"High20",777,269,"Weekday+ Base_hour_Flag+ TemperatureF+ Dew_PointF","75696_1","KNN"
"Low20",267,739,"Weekday+ Base_hour_Flag+ TemperatureF+ Dew_PointF","75696_1","KNN"
"High21",606,109,"Weekday+ Base_hour_Flag+ TemperatureF+ Dew_PointF","75696_2","KNN"
"Low21",178,1015,"Weekday+ Base_hour_Flag+ TemperatureF+ Dew_PointF","75696_2","KNN"
"High22",388,328,"Weekday+ Base_hour_Flag+ TemperatureF+ Dew_PointF","75697_1","KNN"
"Low22",187,1149,"Weekday+ Base_hour_Flag+ TemperatureF+ Dew_PointF","75697_1","KNN"
"High23",335,359,"Weekday+ Base_hour_Flag+ TemperatureF+ Dew_PointF","75698_1","KNN"
"Low23",161,1197,"Weekday+ Base_hour_Flag+ TemperatureF+ Dew_PointF","75698_1","KNN"
"High24",804,312,"Weekday+ Base_hour_Flag+ TemperatureF+ Dew_PointF","75699_1","KNN"
"Low24",277,659,"Weekday+ Base_hour_Flag+ TemperatureF+ Dew_PointF","75699_1","KNN"
"High25",843,236,"Weekday+ Base_hour_Flag+ TemperatureF+ Dew_PointF","75700_1","KNN"
"Low25",226,747,"Weekday+ Base_hour_Flag+ TemperatureF+ Dew_PointF","75700_1","KNN"
"High26",822,322,"Weekday+ Base_hour_Flag+ TemperatureF+ Dew_PointF","75701_1","KNN"
"Low26",179,729,"Weekday+ Base_hour_Flag+ TemperatureF+ Dew_PointF","75701_1","KNN"
"High27",570,336,"Weekday+ Base_hour_Flag+ TemperatureF+ Dew_PointF","75702_1","KNN"
"Low27",257,889,"Weekday+ Base_hour_Flag+ TemperatureF+ Dew_PointF","75702_1","KNN"
"High28",448,274,"Weekday+ Base_hour_Flag+ TemperatureF+ Dew_PointF","75703_1","KNN"
"Low28",236,1094,"Weekday+ Base_hour_Flag+ TemperatureF+ Dew_PointF","75703_1","KNN"
"High29",782,296,"Weekday+ Base_hour_Flag+ TemperatureF+ Dew_PointF","75704_1","KNN"
"Low29",242,732,"Weekday+ Base_hour_Flag+ TemperatureF+ Dew_PointF","75704_1","KNN"
"High30",522,351,"Weekday+ Base_hour_Flag+ TemperatureF+ Dew_PointF","75705_1","KNN"
"Low30",200,979,"Weekday+ Base_hour_Flag+ TemperatureF+ Dew_PointF","75705_1","KNN"
"High31",424,392,"Weekday+ Base_hour_Flag+ TemperatureF+ Dew_PointF","75706_1","KNN"
"Low31",214,1022,"Weekday+ Base_hour_Flag+ TemperatureF+ Dew_PointF","75706_1","KNN"
"High32",735,370,"Weekday+ Base_hour_Flag+ TemperatureF+ Dew_PointF","75707_1","KNN"
"Low32",341,606,"Weekday+ Base_hour_Flag+ TemperatureF+ Dew_PointF","75707_1","KNN"
"High33",873,228,"Weekday+ Base_hour_Flag+ TemperatureF+ Dew_PointF","75708_1","KNN"
"Low33",226,725,"Weekday+ Base_hour_Flag+ TemperatureF+ Dew_PointF","75708_1","KNN"
"High34",569,427,"Weekday+ Base_hour_Flag+ TemperatureF+ Dew_PointF","75709_1","KNN"
"Low34",321,735,"Weekday+ Base_hour_Flag+ TemperatureF+ Dew_PointF","75709_1","KNN"
"High35",840,216,"Weekday+ Base_hour_Flag+ TemperatureF+ Dew_PointF","75710_1","KNN"
"Low35",193,803,"Weekday+ Base_hour_Flag+ TemperatureF+ Dew_PointF","75710_1","KNN"
"High36",655,221,"Weekday+ Base_hour_Flag+ TemperatureF+ Dew_PointF","75711_1","KNN"
"Low36",279,897,"Weekday+ Base_hour_Flag+ TemperatureF+ Dew_PointF","75711_1","KNN"
"High37",458,348,"Weekday+ Base_hour_Flag+ TemperatureF+ Dew_PointF","75712_1","KNN"
"Low37",190,1056,"Weekday+ Base_hour_Flag+ TemperatureF+ Dew_PointF","75712_1","KNN"
"High38",1122,234,"Weekday+ Base_hour_Flag+ TemperatureF+ Dew_PointF","75713_1","KNN"
"Low38",284,412,"Weekday+ Base_hour_Flag+ TemperatureF+ Dew_PointF","75713_1","KNN"
"High39",550,351,"Weekday+ Base_hour_Flag+ TemperatureF+ Dew_PointF","75714_1","KNN"
"Low39",269,882,"Weekday+ Base_hour_Flag+ TemperatureF+ Dew_PointF","75714_1","KNN"
"High40",314,351,"Weekday+ Base_hour_Flag+ TemperatureF+ Dew_PointF","75715_1","KNN"
"Low40",182,1205,"Weekday+ Base_hour_Flag+ TemperatureF+ Dew_PointF","75715_1","KNN"
"High41",601,299,"Weekday+ Base_hour_Flag+ TemperatureF+ Dew_PointF","75716_1","KNN"
"Low41",388,764,"Weekday+ Base_hour_Flag+ TemperatureF+ Dew_PointF","75716_1","KNN"
"High42",776,228,"Weekday+ Base_hour_Flag+ TemperatureF+ Dew_PointF","75717_1","KNN"
"Low42",244,804,"Weekday+ Base_hour_Flag+ TemperatureF+ Dew_PointF","75717_1","KNN"
"High43",794,320,"Weekday+ Base_hour_Flag+ TemperatureF+ Dew_PointF","75718_1","KNN"
"Low43",301,637,"Weekday+ Base_hour_Flag+ TemperatureF+ Dew_PointF","75718_1","KNN"
"High44",557,322,"Weekday+ Base_hour_Flag+ TemperatureF+ Dew_PointF","75719_1","KNN"
"Low44",200,973,"Weekday+ Base_hour_Flag+ TemperatureF+ Dew_PointF","75719_1","KNN"
"High45",847,335,"Weekday+ Base_hour_Flag+ TemperatureF+ Dew_PointF","75720_1","KNN"
"Low45",334,536,"Weekday+ Base_hour_Flag+ TemperatureF+ Dew_PointF","75720_1","KNN"
"High46",718,379,"Weekday+ Base_hour_Flag+ TemperatureF+ Dew_PointF","75721_1","KNN"
"Low46",281,674,"Weekday+ Base_hour_Flag+ TemperatureF+ Dew_PointF","75721_1","KNN"
"High47",915,251,"Weekday+ Base_hour_Flag+ TemperatureF+ Dew_PointF","82254_1","KNN"
"Low47",261,625,"Weekday+ Base_hour_Flag+ TemperatureF+ Dew_PointF","82254_1","KNN"
