"","High","Low","Model","BuildingID_MeterID","algorithm"
"High",4203,603,"train$Base_hour_Flag + train$Weekday + train$Holiday + train$month + train$TemperatureF + train$Dew_PointF","28096_1","Random Forest"
"Low",285,1065,"train$Base_hour_Flag + train$Weekday + train$Holiday + train$month + train$TemperatureF + train$Dew_PointF","28096_1","Random Forest"
"High1",4181,382,"train$Base_hour_Flag + train$Weekday + train$Holiday + train$month + train$TemperatureF + train$Dew_PointF","28108_3","Random Forest"
"Low1",627,966,"train$Base_hour_Flag + train$Weekday + train$Holiday + train$month + train$TemperatureF + train$Dew_PointF","28108_3","Random Forest"
"High2",3680,753,"train$Base_hour_Flag + train$Weekday + train$Holiday + train$month + train$TemperatureF + train$Dew_PointF","28161_1","Random Forest"
"Low2",359,1364,"train$Base_hour_Flag + train$Weekday + train$Holiday + train$month + train$TemperatureF + train$Dew_PointF","28161_1","Random Forest"
"High3",3796,571,"train$Base_hour_Flag + train$Weekday + train$Holiday + train$month + train$TemperatureF + train$Dew_PointF","28162_1","Random Forest"
"Low3",466,1323,"train$Base_hour_Flag + train$Weekday + train$Holiday + train$month + train$TemperatureF + train$Dew_PointF","28162_1","Random Forest"
"High4",3317,479,"train$Base_hour_Flag + train$Weekday + train$Holiday + train$month + train$TemperatureF + train$Dew_PointF","28168_1","Random Forest"
"Low4",565,1795,"train$Base_hour_Flag + train$Weekday + train$Holiday + train$month + train$TemperatureF + train$Dew_PointF","28168_1","Random Forest"
"High5",4297,276,"train$Base_hour_Flag + train$Weekday + train$Holiday + train$month + train$TemperatureF + train$Dew_PointF","30602_1","Random Forest"
"Low5",815,768,"train$Base_hour_Flag + train$Weekday + train$Holiday + train$month + train$TemperatureF + train$Dew_PointF","30602_1","Random Forest"
"High6",2131,955,"train$Base_hour_Flag + train$Weekday + train$Holiday + train$month + train$TemperatureF + train$Dew_PointF","5198_1","Random Forest"
"Low6",862,2208,"train$Base_hour_Flag + train$Weekday + train$Holiday + train$month + train$TemperatureF + train$Dew_PointF","5198_1","Random Forest"
"High7",4723,350,"train$Base_hour_Flag + train$Weekday + train$Holiday + train$month + train$TemperatureF + train$Dew_PointF","5199_1","Random Forest"
"Low7",360,723,"train$Base_hour_Flag + train$Weekday + train$Holiday + train$month + train$TemperatureF + train$Dew_PointF","5199_1","Random Forest"
"High8",2378,932,"train$Base_hour_Flag + train$Weekday + train$Holiday + train$month + train$TemperatureF + train$Dew_PointF","5286_1","Random Forest"
"Low8",1695,1151,"train$Base_hour_Flag + train$Weekday + train$Holiday + train$month + train$TemperatureF + train$Dew_PointF","5286_1","Random Forest"
"High9",4022,442,"train$Base_hour_Flag + train$Weekday + train$Holiday + train$month + train$TemperatureF + train$Dew_PointF","5290_1","Random Forest"
"Low9",691,1001,"train$Base_hour_Flag + train$Weekday + train$Holiday + train$month + train$TemperatureF + train$Dew_PointF","5290_1","Random Forest"
"High10",127,43,"train$Base_hour_Flag + train$Weekday + train$Holiday + train$month + train$TemperatureF + train$Dew_PointF","5304_1","Random Forest"
"Low10",69,5485,"train$Base_hour_Flag + train$Weekday + train$Holiday + train$month + train$TemperatureF + train$Dew_PointF","5304_1","Random Forest"
"High11",3057,276,"train$Base_hour_Flag + train$Weekday + train$Holiday + train$month + train$TemperatureF + train$Dew_PointF","5304_3","Random Forest"
"Low11",393,684,"train$Base_hour_Flag + train$Weekday + train$Holiday + train$month + train$TemperatureF + train$Dew_PointF","5304_3","Random Forest"
"High12",4239,325,"train$Base_hour_Flag + train$Weekday + train$Holiday + train$month + train$TemperatureF + train$Dew_PointF","5306_1","Random Forest"
"Low12",765,827,"train$Base_hour_Flag + train$Weekday + train$Holiday + train$month + train$TemperatureF + train$Dew_PointF","5306_1","Random Forest"
"High13",4367,300,"train$Base_hour_Flag + train$Weekday + train$Holiday + train$month + train$TemperatureF + train$Dew_PointF","5308_1","Random Forest"
"Low13",622,867,"train$Base_hour_Flag + train$Weekday + train$Holiday + train$month + train$TemperatureF + train$Dew_PointF","5308_1","Random Forest"
"High14",4077,503,"train$Base_hour_Flag + train$Weekday + train$Holiday + train$month + train$TemperatureF + train$Dew_PointF","5310_1","Random Forest"
"Low14",571,1005,"train$Base_hour_Flag + train$Weekday + train$Holiday + train$month + train$TemperatureF + train$Dew_PointF","5310_1","Random Forest"
"High15",4054,499,"train$Base_hour_Flag + train$Weekday + train$Holiday + train$month + train$TemperatureF + train$Dew_PointF","5311_1","Random Forest"
"Low15",599,1004,"train$Base_hour_Flag + train$Weekday + train$Holiday + train$month + train$TemperatureF + train$Dew_PointF","5311_1","Random Forest"
"High16",4254,327,"train$Base_hour_Flag + train$Weekday + train$Holiday + train$month + train$TemperatureF + train$Dew_PointF","5313_1","Random Forest"
"Low16",781,794,"train$Base_hour_Flag + train$Weekday + train$Holiday + train$month + train$TemperatureF + train$Dew_PointF","5313_1","Random Forest"
"High17",4526,309,"train$Base_hour_Flag + train$Weekday + train$Holiday + train$month + train$TemperatureF + train$Dew_PointF","5314_1","Random Forest"
"Low17",565,756,"train$Base_hour_Flag + train$Weekday + train$Holiday + train$month + train$TemperatureF + train$Dew_PointF","5314_1","Random Forest"
"High18",391,41,"train$Base_hour_Flag + train$Weekday + train$Holiday + train$month + train$TemperatureF + train$Dew_PointF","5316_1","Random Forest"
"Low18",51,1803,"train$Base_hour_Flag + train$Weekday + train$Holiday + train$month + train$TemperatureF + train$Dew_PointF","5316_1","Random Forest"
"High19",1881,977,"train$Base_hour_Flag + train$Weekday + train$Holiday + train$month + train$TemperatureF + train$Dew_PointF","5317_1","Random Forest"
"Low19",672,2626,"train$Base_hour_Flag + train$Weekday + train$Holiday + train$month + train$TemperatureF + train$Dew_PointF","5317_1","Random Forest"
"High20",4517,315,"train$Base_hour_Flag + train$Weekday + train$Holiday + train$month + train$TemperatureF + train$Dew_PointF","5318_1","Random Forest"
"Low20",630,694,"train$Base_hour_Flag + train$Weekday + train$Holiday + train$month + train$TemperatureF + train$Dew_PointF","5318_1","Random Forest"
"High21",3596,337,"train$Base_hour_Flag + train$Weekday + train$Holiday + train$month + train$TemperatureF + train$Dew_PointF","5322_1","Random Forest"
"Low21",749,1474,"train$Base_hour_Flag + train$Weekday + train$Holiday + train$month + train$TemperatureF + train$Dew_PointF","5322_1","Random Forest"
"High22",4183,372,"train$Base_hour_Flag + train$Weekday + train$Holiday + train$month + train$TemperatureF + train$Dew_PointF","5323_1","Random Forest"
"Low22",610,991,"train$Base_hour_Flag + train$Weekday + train$Holiday + train$month + train$TemperatureF + train$Dew_PointF","5323_1","Random Forest"
"High23",4059,403,"train$Base_hour_Flag + train$Weekday + train$Holiday + train$month + train$TemperatureF + train$Dew_PointF","5325_1","Random Forest"
"Low23",746,948,"train$Base_hour_Flag + train$Weekday + train$Holiday + train$month + train$TemperatureF + train$Dew_PointF","5325_1","Random Forest"
"High24",3108,707,"train$Base_hour_Flag + train$Weekday + train$Holiday + train$month + train$TemperatureF + train$Dew_PointF","5329_1","Random Forest"
"Low24",328,2013,"train$Base_hour_Flag + train$Weekday + train$Holiday + train$month + train$TemperatureF + train$Dew_PointF","5329_1","Random Forest"
"High25",2929,415,"train$Base_hour_Flag + train$Weekday + train$Holiday + train$month + train$TemperatureF + train$Dew_PointF","5332_1","Random Forest"
"Low25",916,1896,"train$Base_hour_Flag + train$Weekday + train$Holiday + train$month + train$TemperatureF + train$Dew_PointF","5332_1","Random Forest"
"High26",3138,380,"train$Base_hour_Flag + train$Weekday + train$Holiday + train$month + train$TemperatureF + train$Dew_PointF","5333_1","Random Forest"
"Low26",761,1877,"train$Base_hour_Flag + train$Weekday + train$Holiday + train$month + train$TemperatureF + train$Dew_PointF","5333_1","Random Forest"
"High27",3988,416,"train$Base_hour_Flag + train$Weekday + train$Holiday + train$month + train$TemperatureF + train$Dew_PointF","5335_1","Random Forest"
"Low27",668,1084,"train$Base_hour_Flag + train$Weekday + train$Holiday + train$month + train$TemperatureF + train$Dew_PointF","5335_1","Random Forest"
"High28",3466,528,"train$Base_hour_Flag + train$Weekday + train$Holiday + train$month + train$TemperatureF + train$Dew_PointF","5340_1","Random Forest"
"Low28",551,1611,"train$Base_hour_Flag + train$Weekday + train$Holiday + train$month + train$TemperatureF + train$Dew_PointF","5340_1","Random Forest"
"High29",2989,560,"train$Base_hour_Flag + train$Weekday + train$Holiday + train$month + train$TemperatureF + train$Dew_PointF","5351_1","Random Forest"
"Low29",1160,1447,"train$Base_hour_Flag + train$Weekday + train$Holiday + train$month + train$TemperatureF + train$Dew_PointF","5351_1","Random Forest"
"High30",3597,715,"train$Base_hour_Flag + train$Weekday + train$Holiday + train$month + train$TemperatureF + train$Dew_PointF","5352_1","Random Forest"
"Low30",567,1277,"train$Base_hour_Flag + train$Weekday + train$Holiday + train$month + train$TemperatureF + train$Dew_PointF","5352_1","Random Forest"
"High31",4003,414,"train$Base_hour_Flag + train$Weekday + train$Holiday + train$month + train$TemperatureF + train$Dew_PointF","5355_1","Random Forest"
"Low31",618,1121,"train$Base_hour_Flag + train$Weekday + train$Holiday + train$month + train$TemperatureF + train$Dew_PointF","5355_1","Random Forest"
"High32",4752,131,"train$Base_hour_Flag + train$Weekday + train$Holiday + train$month + train$TemperatureF + train$Dew_PointF","5356_1","Random Forest"
"Low32",914,359,"train$Base_hour_Flag + train$Weekday + train$Holiday + train$month + train$TemperatureF + train$Dew_PointF","5356_1","Random Forest"
"High33",3530,729,"train$Base_hour_Flag + train$Weekday + train$Holiday + train$month + train$TemperatureF + train$Dew_PointF","5357_1","Random Forest"
"Low33",390,1507,"train$Base_hour_Flag + train$Weekday + train$Holiday + train$month + train$TemperatureF + train$Dew_PointF","5357_1","Random Forest"
"High34",4351,428,"train$Base_hour_Flag + train$Weekday + train$Holiday + train$month + train$TemperatureF + train$Dew_PointF","5358_1","Random Forest"
"Low34",417,960,"train$Base_hour_Flag + train$Weekday + train$Holiday + train$month + train$TemperatureF + train$Dew_PointF","5358_1","Random Forest"
"High35",4302,402,"train$Base_hour_Flag + train$Weekday + train$Holiday + train$month + train$TemperatureF + train$Dew_PointF","77662_2","Random Forest"
"Low35",527,925,"train$Base_hour_Flag + train$Weekday + train$Holiday + train$month + train$TemperatureF + train$Dew_PointF","77662_2","Random Forest"
"High36",2310,337,"train$Base_hour_Flag + train$Weekday + train$Holiday + train$month + train$TemperatureF + train$Dew_PointF","81909_1","Random Forest"
"Low36",933,2576,"train$Base_hour_Flag + train$Weekday + train$Holiday + train$month + train$TemperatureF + train$Dew_PointF","81909_1","Random Forest"
"High37",2958,262,"train$Base_hour_Flag + train$Weekday + train$Holiday + train$month + train$TemperatureF + train$Dew_PointF","83427_1","Random Forest"
"Low37",413,1047,"train$Base_hour_Flag + train$Weekday + train$Holiday + train$month + train$TemperatureF + train$Dew_PointF","83427_1","Random Forest"
"High38",1789,235,"train$Base_hour_Flag + train$Weekday + train$Holiday + train$month + train$TemperatureF + train$Dew_PointF","84681_1","Random Forest"
"Low38",167,941,"train$Base_hour_Flag + train$Weekday + train$Holiday + train$month + train$TemperatureF + train$Dew_PointF","84681_1","Random Forest"
"High39",3615,101,"train$Base_hour_Flag + train$Weekday + train$month + train$WindDirDegrees + train$TemperatureF + train$Dew_PointF","28096_4","Random Forest"
"Low39",2072,368,"train$Base_hour_Flag + train$Weekday + train$month + train$WindDirDegrees + train$TemperatureF + train$Dew_PointF","28096_4","Random Forest"
"High40",2590,99,"train$Base_hour_Flag + train$Weekday + train$month + train$WindDirDegrees + train$TemperatureF + train$Dew_PointF","28168_4","Random Forest"
"Low40",2236,1231,"train$Base_hour_Flag + train$Weekday + train$month + train$WindDirDegrees + train$TemperatureF + train$Dew_PointF","28168_4","Random Forest"
"High41",3476,92,"train$Base_hour_Flag + train$Weekday + train$month + train$WindDirDegrees + train$TemperatureF + train$Dew_PointF","75689_1","Random Forest"
"Low41",1816,772,"train$Base_hour_Flag + train$Weekday + train$month + train$WindDirDegrees + train$TemperatureF + train$Dew_PointF","75689_1","Random Forest"
"High42",2736,141,"train$Base_hour_Flag + train$Weekday + train$month + train$WindDirDegrees + train$TemperatureF + train$Dew_PointF","75690_1","Random Forest"
"Low42",1602,1677,"train$Base_hour_Flag + train$Weekday + train$month + train$WindDirDegrees + train$TemperatureF + train$Dew_PointF","75690_1","Random Forest"
"High43",2685,124,"train$Base_hour_Flag + train$Weekday + train$month + train$WindDirDegrees + train$TemperatureF + train$Dew_PointF","75691_1","Random Forest"
"Low43",1665,1682,"train$Base_hour_Flag + train$Weekday + train$month + train$WindDirDegrees + train$TemperatureF + train$Dew_PointF","75691_1","Random Forest"
"High44",3690,80,"train$Base_hour_Flag + train$Weekday + train$month + train$WindDirDegrees + train$TemperatureF + train$Dew_PointF","75692_1","Random Forest"
"Low44",1440,946,"train$Base_hour_Flag + train$Weekday + train$month + train$WindDirDegrees + train$TemperatureF + train$Dew_PointF","75692_1","Random Forest"
"High45",2700,129,"train$Base_hour_Flag + train$Weekday + train$month + train$WindDirDegrees + train$TemperatureF + train$Dew_PointF","75693_1","Random Forest"
"Low45",1739,1588,"train$Base_hour_Flag + train$Weekday + train$month + train$WindDirDegrees + train$TemperatureF + train$Dew_PointF","75693_1","Random Forest"
"High46",3003,77,"train$Base_hour_Flag + train$Weekday + train$month + train$WindDirDegrees + train$TemperatureF + train$Dew_PointF","75694_1","Random Forest"
"Low46",1424,1652,"train$Base_hour_Flag + train$Weekday + train$month + train$WindDirDegrees + train$TemperatureF + train$Dew_PointF","75694_1","Random Forest"
"High47",3099,124,"train$Base_hour_Flag + train$Weekday + train$month + train$WindDirDegrees + train$TemperatureF + train$Dew_PointF","75696_1","Random Forest"
"Low47",1791,1142,"train$Base_hour_Flag + train$Weekday + train$month + train$WindDirDegrees + train$TemperatureF + train$Dew_PointF","75696_1","Random Forest"
"High48",1926,44,"train$Base_hour_Flag + train$Weekday + train$month + train$WindDirDegrees + train$TemperatureF + train$Dew_PointF","75696_2","Random Forest"
"Low48",780,2974,"train$Base_hour_Flag + train$Weekday + train$month + train$WindDirDegrees + train$TemperatureF + train$Dew_PointF","75696_2","Random Forest"
"High49",1975,96,"train$Base_hour_Flag + train$Weekday + train$month + train$WindDirDegrees + train$TemperatureF + train$Dew_PointF","75697_1","Random Forest"
"Low49",1075,3010,"train$Base_hour_Flag + train$Weekday + train$month + train$WindDirDegrees + train$TemperatureF + train$Dew_PointF","75697_1","Random Forest"
"High50",1927,90,"train$Base_hour_Flag + train$Weekday + train$month + train$WindDirDegrees + train$TemperatureF + train$Dew_PointF","75698_1","Random Forest"
"Low50",1070,3069,"train$Base_hour_Flag + train$Weekday + train$month + train$WindDirDegrees + train$TemperatureF + train$Dew_PointF","75698_1","Random Forest"
"High51",3250,80,"train$Base_hour_Flag + train$Weekday + train$month + train$WindDirDegrees + train$TemperatureF + train$Dew_PointF","75699_1","Random Forest"
"Low51",1903,923,"train$Base_hour_Flag + train$Weekday + train$month + train$WindDirDegrees + train$TemperatureF + train$Dew_PointF","75699_1","Random Forest"
"High52",3269,84,"train$Base_hour_Flag + train$Weekday + train$month + train$WindDirDegrees + train$TemperatureF + train$Dew_PointF","75700_1","Random Forest"
"Low52",1749,1054,"train$Base_hour_Flag + train$Weekday + train$month + train$WindDirDegrees + train$TemperatureF + train$Dew_PointF","75700_1","Random Forest"
"High53",3375,110,"train$Base_hour_Flag + train$Weekday + train$month + train$WindDirDegrees + train$TemperatureF + train$Dew_PointF","75701_1","Random Forest"
"Low53",1466,1205,"train$Base_hour_Flag + train$Weekday + train$month + train$WindDirDegrees + train$TemperatureF + train$Dew_PointF","75701_1","Random Forest"
"High54",2652,119,"train$Base_hour_Flag + train$Weekday + train$month + train$WindDirDegrees + train$TemperatureF + train$Dew_PointF","75702_1","Random Forest"
"Low54",1713,1672,"train$Base_hour_Flag + train$Weekday + train$month + train$WindDirDegrees + train$TemperatureF + train$Dew_PointF","75702_1","Random Forest"
"High55",2150,106,"train$Base_hour_Flag + train$Weekday + train$month + train$WindDirDegrees + train$TemperatureF + train$Dew_PointF","75703_1","Random Forest"
"Low55",1123,2777,"train$Base_hour_Flag + train$Weekday + train$month + train$WindDirDegrees + train$TemperatureF + train$Dew_PointF","75703_1","Random Forest"
"High56",3164,109,"train$Base_hour_Flag + train$Weekday + train$month + train$WindDirDegrees + train$TemperatureF + train$Dew_PointF","75704_1","Random Forest"
"Low56",1463,1420,"train$Base_hour_Flag + train$Weekday + train$month + train$WindDirDegrees + train$TemperatureF + train$Dew_PointF","75704_1","Random Forest"
"High57",2456,124,"train$Base_hour_Flag + train$Weekday + train$month + train$WindDirDegrees + train$TemperatureF + train$Dew_PointF","75705_1","Random Forest"
"Low57",1371,2205,"train$Base_hour_Flag + train$Weekday + train$month + train$WindDirDegrees + train$TemperatureF + train$Dew_PointF","75705_1","Random Forest"
"High58",2296,133,"train$Base_hour_Flag + train$Weekday + train$month + train$WindDirDegrees + train$TemperatureF + train$Dew_PointF","75706_1","Random Forest"
"Low58",1362,2365,"train$Base_hour_Flag + train$Weekday + train$month + train$WindDirDegrees + train$TemperatureF + train$Dew_PointF","75706_1","Random Forest"
"High59",3282,107,"train$Base_hour_Flag + train$Weekday + train$month + train$WindDirDegrees + train$TemperatureF + train$Dew_PointF","75707_1","Random Forest"
"Low59",1741,1026,"train$Base_hour_Flag + train$Weekday + train$month + train$WindDirDegrees + train$TemperatureF + train$Dew_PointF","75707_1","Random Forest"
"High60",3236,77,"train$Base_hour_Flag + train$Weekday + train$month + train$WindDirDegrees + train$TemperatureF + train$Dew_PointF","75708_1","Random Forest"
"Low60",1508,1335,"train$Base_hour_Flag + train$Weekday + train$month + train$WindDirDegrees + train$TemperatureF + train$Dew_PointF","75708_1","Random Forest"
"High61",2956,85,"train$Base_hour_Flag + train$Weekday + train$month + train$WindDirDegrees + train$TemperatureF + train$Dew_PointF","75709_1","Random Forest"
"Low61",1945,1170,"train$Base_hour_Flag + train$Weekday + train$month + train$WindDirDegrees + train$TemperatureF + train$Dew_PointF","75709_1","Random Forest"
"High62",3083,133,"train$Base_hour_Flag + train$Weekday + train$month + train$WindDirDegrees + train$TemperatureF + train$Dew_PointF","75710_1","Random Forest"
"Low62",1223,1717,"train$Base_hour_Flag + train$Weekday + train$month + train$WindDirDegrees + train$TemperatureF + train$Dew_PointF","75710_1","Random Forest"
"High63",2713,85,"train$Base_hour_Flag + train$Weekday + train$month + train$WindDirDegrees + train$TemperatureF + train$Dew_PointF","75711_1","Random Forest"
"Low63",1384,1974,"train$Base_hour_Flag + train$Weekday + train$month + train$WindDirDegrees + train$TemperatureF + train$Dew_PointF","75711_1","Random Forest"
"High64",2338,86,"train$Base_hour_Flag + train$Weekday + train$month + train$WindDirDegrees + train$TemperatureF + train$Dew_PointF","75712_1","Random Forest"
"Low64",1118,2614,"train$Base_hour_Flag + train$Weekday + train$month + train$WindDirDegrees + train$TemperatureF + train$Dew_PointF","75712_1","Random Forest"
"High65",4127,59,"train$Base_hour_Flag + train$Weekday + train$month + train$WindDirDegrees + train$TemperatureF + train$Dew_PointF","75713_1","Random Forest"
"Low65",1510,460,"train$Base_hour_Flag + train$Weekday + train$month + train$WindDirDegrees + train$TemperatureF + train$Dew_PointF","75713_1","Random Forest"
"High66",2612,139,"train$Base_hour_Flag + train$Weekday + train$month + train$WindDirDegrees + train$TemperatureF + train$Dew_PointF","75714_1","Random Forest"
"Low66",1968,1437,"train$Base_hour_Flag + train$Weekday + train$month + train$WindDirDegrees + train$TemperatureF + train$Dew_PointF","75714_1","Random Forest"
"High67",1908,105,"train$Base_hour_Flag + train$Weekday + train$month + train$WindDirDegrees + train$TemperatureF + train$Dew_PointF","75715_1","Random Forest"
"Low67",895,3248,"train$Base_hour_Flag + train$Weekday + train$month + train$WindDirDegrees + train$TemperatureF + train$Dew_PointF","75715_1","Random Forest"
"High68",2768,87,"train$Base_hour_Flag + train$Weekday + train$month + train$WindDirDegrees + train$TemperatureF + train$Dew_PointF","75716_1","Random Forest"
"Low68",1988,1313,"train$Base_hour_Flag + train$Weekday + train$month + train$WindDirDegrees + train$TemperatureF + train$Dew_PointF","75716_1","Random Forest"
"High69",2998,98,"train$Base_hour_Flag + train$Weekday + train$month + train$WindDirDegrees + train$TemperatureF + train$Dew_PointF","75717_1","Random Forest"
"Low69",1449,1611,"train$Base_hour_Flag + train$Weekday + train$month + train$WindDirDegrees + train$TemperatureF + train$Dew_PointF","75717_1","Random Forest"
"High70",3355,93,"train$Base_hour_Flag + train$Weekday + train$month + train$WindDirDegrees + train$TemperatureF + train$Dew_PointF","75718_1","Random Forest"
"Low70",1882,826,"train$Base_hour_Flag + train$Weekday + train$month + train$WindDirDegrees + train$TemperatureF + train$Dew_PointF","75718_1","Random Forest"
"High71",2485,110,"train$Base_hour_Flag + train$Weekday + train$month + train$WindDirDegrees + train$TemperatureF + train$Dew_PointF","75719_1","Random Forest"
"Low71",1341,2220,"train$Base_hour_Flag + train$Weekday + train$month + train$WindDirDegrees + train$TemperatureF + train$Dew_PointF","75719_1","Random Forest"
"High72",3374,89,"train$Base_hour_Flag + train$Weekday + train$month + train$WindDirDegrees + train$TemperatureF + train$Dew_PointF","75720_1","Random Forest"
"Low72",1676,1017,"train$Base_hour_Flag + train$Weekday + train$month + train$WindDirDegrees + train$TemperatureF + train$Dew_PointF","75720_1","Random Forest"
"High73",3251,104,"train$Base_hour_Flag + train$Weekday + train$month + train$WindDirDegrees + train$TemperatureF + train$Dew_PointF","75721_1","Random Forest"
"Low73",1953,848,"train$Base_hour_Flag + train$Weekday + train$month + train$WindDirDegrees + train$TemperatureF + train$Dew_PointF","75721_1","Random Forest"
"High74",3399,84,"train$Base_hour_Flag + train$Weekday + train$month + train$WindDirDegrees + train$TemperatureF + train$Dew_PointF","82254_1","Random Forest"
"Low74",1574,1099,"train$Base_hour_Flag + train$Weekday + train$month + train$WindDirDegrees + train$TemperatureF + train$Dew_PointF","82254_1","Random Forest"
