"","High","Low","Model","BuildingID_MeterID"
"High",1247,349,"Base_hour_Flag + Weekday + Holiday + TemperatureF + Dew_PointF + Humidity + Sea_Level_PressureIn + month","28096_1"
"Low",361,95,"Base_hour_Flag + Weekday + Holiday + TemperatureF + Dew_PointF + Humidity + Sea_Level_PressureIn + month","28096_1"
"High1",1201,311,"Base_hour_Flag + Weekday + Holiday + TemperatureF + Dew_PointF + Humidity + Sea_Level_PressureIn + month","28108_3"
"Low1",463,77,"Base_hour_Flag + Weekday + Holiday + TemperatureF + Dew_PointF + Humidity + Sea_Level_PressureIn + month","28108_3"
"High2",1137,298,"Base_hour_Flag + Weekday + Holiday + TemperatureF + Dew_PointF + Humidity + Sea_Level_PressureIn + month","28161_1"
"Low2",507,110,"Base_hour_Flag + Weekday + Holiday + TemperatureF + Dew_PointF + Humidity + Sea_Level_PressureIn + month","28161_1"
"High3",1165,300,"Base_hour_Flag + Weekday + Holiday + TemperatureF + Dew_PointF + Humidity + Sea_Level_PressureIn + month","28162_1"
"Low3",474,113,"Base_hour_Flag + Weekday + Holiday + TemperatureF + Dew_PointF + Humidity + Sea_Level_PressureIn + month","28162_1"
"High4",815,438,"Base_hour_Flag + Weekday + Holiday + TemperatureF + Dew_PointF + Humidity + Sea_Level_PressureIn + month","28168_1"
"Low4",538,261,"Base_hour_Flag + Weekday + Holiday + TemperatureF + Dew_PointF + Humidity + Sea_Level_PressureIn + month","28168_1"
"High5",1209,270,"Base_hour_Flag + Weekday + Holiday + TemperatureF + Dew_PointF + Humidity + Sea_Level_PressureIn + month","30602_1"
"Low5",479,94,"Base_hour_Flag + Weekday + Holiday + TemperatureF + Dew_PointF + Humidity + Sea_Level_PressureIn + month","30602_1"
"High6",480,558,"Base_hour_Flag + Weekday + Holiday + TemperatureF + Dew_PointF + Humidity + Sea_Level_PressureIn + month","5198_1"
"Low6",531,483,"Base_hour_Flag + Weekday + Holiday + TemperatureF + Dew_PointF + Humidity + Sea_Level_PressureIn + month","5198_1"
"High7",1441,238,"Base_hour_Flag + Weekday + Holiday + TemperatureF + Dew_PointF + Humidity + Sea_Level_PressureIn + month","5199_1"
"Low7",325,48,"Base_hour_Flag + Weekday + Holiday + TemperatureF + Dew_PointF + Humidity + Sea_Level_PressureIn + month","5199_1"
"High8",716,438,"Base_hour_Flag + Weekday + Holiday + TemperatureF + Dew_PointF + Humidity + Sea_Level_PressureIn + month","5286_1"
"Low8",521,377,"Base_hour_Flag + Weekday + Holiday + TemperatureF + Dew_PointF + Humidity + Sea_Level_PressureIn + month","5286_1"
"High9",1197,298,"Base_hour_Flag + Weekday + Holiday + TemperatureF + Dew_PointF + Humidity + Sea_Level_PressureIn + month","5290_1"
"Low9",477,80,"Base_hour_Flag + Weekday + Holiday + TemperatureF + Dew_PointF + Humidity + Sea_Level_PressureIn + month","5290_1"
"High10",5,48,"Base_hour_Flag + Weekday + Holiday + TemperatureF + Dew_PointF + Humidity + Sea_Level_PressureIn + month","5304_1"
"Low10",45,1810,"Base_hour_Flag + Weekday + Holiday + TemperatureF + Dew_PointF + Humidity + Sea_Level_PressureIn + month","5304_1"
"High11",938,204,"Base_hour_Flag + Weekday + Holiday + TemperatureF + Dew_PointF + Humidity + Sea_Level_PressureIn + month","5304_3"
"Low11",272,56,"Base_hour_Flag + Weekday + Holiday + TemperatureF + Dew_PointF + Humidity + Sea_Level_PressureIn + month","5304_3"
"High12",1348,177,"Base_hour_Flag + Weekday + Holiday + TemperatureF + Dew_PointF + Humidity + Sea_Level_PressureIn + month","5306_1"
"Low12",474,53,"Base_hour_Flag + Weekday + Holiday + TemperatureF + Dew_PointF + Humidity + Sea_Level_PressureIn + month","5306_1"
"High13",1304,255,"Base_hour_Flag + Weekday + Holiday + TemperatureF + Dew_PointF + Humidity + Sea_Level_PressureIn + month","5308_1"
"Low13",407,86,"Base_hour_Flag + Weekday + Holiday + TemperatureF + Dew_PointF + Humidity + Sea_Level_PressureIn + month","5308_1"
"High14",1243,286,"Base_hour_Flag + Weekday + Holiday + TemperatureF + Dew_PointF + Humidity + Sea_Level_PressureIn + month","5310_1"
"Low14",433,90,"Base_hour_Flag + Weekday + Holiday + TemperatureF + Dew_PointF + Humidity + Sea_Level_PressureIn + month","5310_1"
"High15",1272,225,"Base_hour_Flag + Weekday + Holiday + TemperatureF + Dew_PointF + Humidity + Sea_Level_PressureIn + month","5311_1"
"Low15",491,64,"Base_hour_Flag + Weekday + Holiday + TemperatureF + Dew_PointF + Humidity + Sea_Level_PressureIn + month","5311_1"
"High16",1331,217,"Base_hour_Flag + Weekday + Holiday + TemperatureF + Dew_PointF + Humidity + Sea_Level_PressureIn + month","5313_1"
"Low16",445,59,"Base_hour_Flag + Weekday + Holiday + TemperatureF + Dew_PointF + Humidity + Sea_Level_PressureIn + month","5313_1"
"High17",1431,190,"Base_hour_Flag + Weekday + Holiday + TemperatureF + Dew_PointF + Humidity + Sea_Level_PressureIn + month","5314_1"
"Low17",381,50,"Base_hour_Flag + Weekday + Holiday + TemperatureF + Dew_PointF + Humidity + Sea_Level_PressureIn + month","5314_1"
"High18",12,123,"Base_hour_Flag + Weekday + Holiday + TemperatureF + Dew_PointF + Humidity + Sea_Level_PressureIn + month","5316_1"
"Low18",148,479,"Base_hour_Flag + Weekday + Holiday + TemperatureF + Dew_PointF + Humidity + Sea_Level_PressureIn + month","5316_1"
"High19",395,585,"Base_hour_Flag + Weekday + Holiday + TemperatureF + Dew_PointF + Humidity + Sea_Level_PressureIn + month","5317_1"
"Low19",452,620,"Base_hour_Flag + Weekday + Holiday + TemperatureF + Dew_PointF + Humidity + Sea_Level_PressureIn + month","5317_1"
"High20",1340,236,"Base_hour_Flag + Weekday + Holiday + TemperatureF + Dew_PointF + Humidity + Sea_Level_PressureIn + month","5318_1"
"Low20",405,71,"Base_hour_Flag + Weekday + Holiday + TemperatureF + Dew_PointF + Humidity + Sea_Level_PressureIn + month","5318_1"
"High21",893,404,"Base_hour_Flag + Weekday + Holiday + TemperatureF + Dew_PointF + Humidity + Sea_Level_PressureIn + month","5322_1"
"Low21",547,208,"Base_hour_Flag + Weekday + Holiday + TemperatureF + Dew_PointF + Humidity + Sea_Level_PressureIn + month","5322_1"
"High22",1153,355,"Base_hour_Flag + Weekday + Holiday + TemperatureF + Dew_PointF + Humidity + Sea_Level_PressureIn + month","5323_1"
"Low22",388,156,"Base_hour_Flag + Weekday + Holiday + TemperatureF + Dew_PointF + Humidity + Sea_Level_PressureIn + month","5323_1"
"High23",1249,259,"Base_hour_Flag + Weekday + Holiday + TemperatureF + Dew_PointF + Humidity + Sea_Level_PressureIn + month","5325_1"
"Low23",450,94,"Base_hour_Flag + Weekday + Holiday + TemperatureF + Dew_PointF + Humidity + Sea_Level_PressureIn + month","5325_1"
"High24",831,437,"Base_hour_Flag + Weekday + Holiday + TemperatureF + Dew_PointF + Humidity + Sea_Level_PressureIn + month","5329_1"
"Low24",495,289,"Base_hour_Flag + Weekday + Holiday + TemperatureF + Dew_PointF + Humidity + Sea_Level_PressureIn + month","5329_1"
"High25",714,390,"Base_hour_Flag + Weekday + Holiday + TemperatureF + Dew_PointF + Humidity + Sea_Level_PressureIn + month","5332_1"
"Low25",657,291,"Base_hour_Flag + Weekday + Holiday + TemperatureF + Dew_PointF + Humidity + Sea_Level_PressureIn + month","5332_1"
"High26",735,429,"Base_hour_Flag + Weekday + Holiday + TemperatureF + Dew_PointF + Humidity + Sea_Level_PressureIn + month","5333_1"
"Low26",547,341,"Base_hour_Flag + Weekday + Holiday + TemperatureF + Dew_PointF + Humidity + Sea_Level_PressureIn + month","5333_1"
"High27",1224,230,"Base_hour_Flag + Weekday + Holiday + TemperatureF + Dew_PointF + Humidity + Sea_Level_PressureIn + month","5335_1"
"Low27",475,123,"Base_hour_Flag + Weekday + Holiday + TemperatureF + Dew_PointF + Humidity + Sea_Level_PressureIn + month","5335_1"
"High28",927,401,"Base_hour_Flag + Weekday + Holiday + TemperatureF + Dew_PointF + Humidity + Sea_Level_PressureIn + month","5340_1"
"Low28",549,175,"Base_hour_Flag + Weekday + Holiday + TemperatureF + Dew_PointF + Humidity + Sea_Level_PressureIn + month","5340_1"
"High29",847,324,"Base_hour_Flag + Weekday + Holiday + TemperatureF + Dew_PointF + Humidity + Sea_Level_PressureIn + month","5351_1"
"Low29",650,231,"Base_hour_Flag + Weekday + Holiday + TemperatureF + Dew_PointF + Humidity + Sea_Level_PressureIn + month","5351_1"
"High30",1142,302,"Base_hour_Flag + Weekday + Holiday + TemperatureF + Dew_PointF + Humidity + Sea_Level_PressureIn + month","5352_1"
"Low30",474,134,"Base_hour_Flag + Weekday + Holiday + TemperatureF + Dew_PointF + Humidity + Sea_Level_PressureIn + month","5352_1"
"High31",1191,261,"Base_hour_Flag + Weekday + Holiday + TemperatureF + Dew_PointF + Humidity + Sea_Level_PressureIn + month","5355_1"
"Low31",512,88,"Base_hour_Flag + Weekday + Holiday + TemperatureF + Dew_PointF + Humidity + Sea_Level_PressureIn + month","5355_1"
"High32",1440,182,"Base_hour_Flag + Weekday + Holiday + TemperatureF + Dew_PointF + Humidity + Sea_Level_PressureIn + month","5356_1"
"Low32",383,47,"Base_hour_Flag + Weekday + Holiday + TemperatureF + Dew_PointF + Humidity + Sea_Level_PressureIn + month","5356_1"
"High33",1131,307,"Base_hour_Flag + Weekday + Holiday + TemperatureF + Dew_PointF + Humidity + Sea_Level_PressureIn + month","5357_1"
"Low33",497,117,"Base_hour_Flag + Weekday + Holiday + TemperatureF + Dew_PointF + Humidity + Sea_Level_PressureIn + month","5357_1"
"High34",1321,278,"Base_hour_Flag + Weekday + Holiday + TemperatureF + Dew_PointF + Humidity + Sea_Level_PressureIn + month","5358_1"
"Low34",378,75,"Base_hour_Flag + Weekday + Holiday + TemperatureF + Dew_PointF + Humidity + Sea_Level_PressureIn + month","5358_1"
"High35",1246,311,"Base_hour_Flag + Weekday + Holiday + TemperatureF + Dew_PointF + Humidity + Sea_Level_PressureIn + month","77662_2"
"Low35",393,102,"Base_hour_Flag + Weekday + Holiday + TemperatureF + Dew_PointF + Humidity + Sea_Level_PressureIn + month","77662_2"
"High36",422,446,"Base_hour_Flag + Weekday + Holiday + TemperatureF + Dew_PointF + Humidity + Sea_Level_PressureIn + month","81909_1"
"Low36",575,609,"Base_hour_Flag + Weekday + Holiday + TemperatureF + Dew_PointF + Humidity + Sea_Level_PressureIn + month","81909_1"
"High37",806,287,"Base_hour_Flag + Weekday + Holiday + TemperatureF + Dew_PointF + Humidity + Sea_Level_PressureIn + month","83427_1"
"Low37",330,137,"Base_hour_Flag + Weekday + Holiday + TemperatureF + Dew_PointF + Humidity + Sea_Level_PressureIn + month","83427_1"
"High38",476,213,"Base_hour_Flag + Weekday + Holiday + TemperatureF + Dew_PointF + Humidity + Sea_Level_PressureIn + month","84681_1"
"Low38",217,138,"Base_hour_Flag + Weekday + Holiday + TemperatureF + Dew_PointF + Humidity + Sea_Level_PressureIn + month","84681_1"
"High39",745,467,"Base_hour_Flag + Weekday + Holiday + TemperatureF + Dew_PointF + Humidity + Wind_SpeedMPH + month","28096_4"
"Low39",507,333,"Base_hour_Flag + Weekday + Holiday + TemperatureF + Dew_PointF + Humidity + Wind_SpeedMPH + month","28096_4"
"High40",344,560,"Base_hour_Flag + Weekday + Holiday + TemperatureF + Dew_PointF + Humidity + Wind_SpeedMPH + month","28168_4"
"Low40",466,682,"Base_hour_Flag + Weekday + Holiday + TemperatureF + Dew_PointF + Humidity + Wind_SpeedMPH + month","28168_4"
"High41",666,479,"Base_hour_Flag + Weekday + Holiday + TemperatureF + Dew_PointF + Humidity + Wind_SpeedMPH + month","75689_1"
"Low41",508,399,"Base_hour_Flag + Weekday + Holiday + TemperatureF + Dew_PointF + Humidity + Wind_SpeedMPH + month","75689_1"
"High42",389,549,"Base_hour_Flag + Weekday + Holiday + TemperatureF + Dew_PointF + Humidity + Wind_SpeedMPH + month","75690_1"
"Low42",507,607,"Base_hour_Flag + Weekday + Holiday + TemperatureF + Dew_PointF + Humidity + Wind_SpeedMPH + month","75690_1"
"High43",358,541,"Base_hour_Flag + Weekday + Holiday + TemperatureF + Dew_PointF + Humidity + Wind_SpeedMPH + month","75691_1"
"Low43",483,670,"Base_hour_Flag + Weekday + Holiday + TemperatureF + Dew_PointF + Humidity + Wind_SpeedMPH + month","75691_1"
"High44",778,470,"Base_hour_Flag + Weekday + Holiday + TemperatureF + Dew_PointF + Humidity + Wind_SpeedMPH + month","75692_1"
"Low44",520,284,"Base_hour_Flag + Weekday + Holiday + TemperatureF + Dew_PointF + Humidity + Wind_SpeedMPH + month","75692_1"
"High45",389,563,"Base_hour_Flag + Weekday + Holiday + TemperatureF + Dew_PointF + Humidity + Wind_SpeedMPH + month","75693_1"
"Low45",461,639,"Base_hour_Flag + Weekday + Holiday + TemperatureF + Dew_PointF + Humidity + Wind_SpeedMPH + month","75693_1"
"High46",455,544,"Base_hour_Flag + Weekday + Holiday + TemperatureF + Dew_PointF + Humidity + Wind_SpeedMPH + month","75694_1"
"Low46",529,524,"Base_hour_Flag + Weekday + Holiday + TemperatureF + Dew_PointF + Humidity + Wind_SpeedMPH + month","75694_1"
"High47",519,527,"Base_hour_Flag + Weekday + Holiday + TemperatureF + Dew_PointF + Humidity + Wind_SpeedMPH + month","75696_1"
"Low47",544,462,"Base_hour_Flag + Weekday + Holiday + TemperatureF + Dew_PointF + Humidity + Wind_SpeedMPH + month","75696_1"
"High48",214,501,"Base_hour_Flag + Weekday + Holiday + TemperatureF + Dew_PointF + Humidity + Wind_SpeedMPH + month","75696_2"
"Low48",466,727,"Base_hour_Flag + Weekday + Holiday + TemperatureF + Dew_PointF + Humidity + Wind_SpeedMPH + month","75696_2"
"High49",239,477,"Base_hour_Flag + Weekday + Holiday + TemperatureF + Dew_PointF + Humidity + Wind_SpeedMPH + month","75697_1"
"Low49",443,893,"Base_hour_Flag + Weekday + Holiday + TemperatureF + Dew_PointF + Humidity + Wind_SpeedMPH + month","75697_1"
"High50",198,496,"Base_hour_Flag + Weekday + Holiday + TemperatureF + Dew_PointF + Humidity + Wind_SpeedMPH + month","75698_1"
"Low50",443,915,"Base_hour_Flag + Weekday + Holiday + TemperatureF + Dew_PointF + Humidity + Wind_SpeedMPH + month","75698_1"
"High51",586,530,"Base_hour_Flag + Weekday + Holiday + TemperatureF + Dew_PointF + Humidity + Wind_SpeedMPH + month","75699_1"
"Low51",541,395,"Base_hour_Flag + Weekday + Holiday + TemperatureF + Dew_PointF + Humidity + Wind_SpeedMPH + month","75699_1"
"High52",574,505,"Base_hour_Flag + Weekday + Holiday + TemperatureF + Dew_PointF + Humidity + Wind_SpeedMPH + month","75700_1"
"Low52",547,426,"Base_hour_Flag + Weekday + Holiday + TemperatureF + Dew_PointF + Humidity + Wind_SpeedMPH + month","75700_1"
"High53",648,496,"Base_hour_Flag + Weekday + Holiday + TemperatureF + Dew_PointF + Humidity + Wind_SpeedMPH + month","75701_1"
"Low53",481,427,"Base_hour_Flag + Weekday + Holiday + TemperatureF + Dew_PointF + Humidity + Wind_SpeedMPH + month","75701_1"
"High54",407,499,"Base_hour_Flag + Weekday + Holiday + TemperatureF + Dew_PointF + Humidity + Wind_SpeedMPH + month","75702_1"
"Low54",488,658,"Base_hour_Flag + Weekday + Holiday + TemperatureF + Dew_PointF + Humidity + Wind_SpeedMPH + month","75702_1"
"High55",262,460,"Base_hour_Flag + Weekday + Holiday + TemperatureF + Dew_PointF + Humidity + Wind_SpeedMPH + month","75703_1"
"Low55",450,880,"Base_hour_Flag + Weekday + Holiday + TemperatureF + Dew_PointF + Humidity + Wind_SpeedMPH + month","75703_1"
"High56",568,510,"Base_hour_Flag + Weekday + Holiday + TemperatureF + Dew_PointF + Humidity + Wind_SpeedMPH + month","75704_1"
"Low56",511,463,"Base_hour_Flag + Weekday + Holiday + TemperatureF + Dew_PointF + Humidity + Wind_SpeedMPH + month","75704_1"
"High57",331,542,"Base_hour_Flag + Weekday + Holiday + TemperatureF + Dew_PointF + Humidity + Wind_SpeedMPH + month","75705_1"
"Low57",489,690,"Base_hour_Flag + Weekday + Holiday + TemperatureF + Dew_PointF + Humidity + Wind_SpeedMPH + month","75705_1"
"High58",290,526,"Base_hour_Flag + Weekday + Holiday + TemperatureF + Dew_PointF + Humidity + Wind_SpeedMPH + month","75706_1"
"Low58",483,753,"Base_hour_Flag + Weekday + Holiday + TemperatureF + Dew_PointF + Humidity + Wind_SpeedMPH + month","75706_1"
"High59",603,502,"Base_hour_Flag + Weekday + Holiday + TemperatureF + Dew_PointF + Humidity + Wind_SpeedMPH + month","75707_1"
"Low59",574,373,"Base_hour_Flag + Weekday + Holiday + TemperatureF + Dew_PointF + Humidity + Wind_SpeedMPH + month","75707_1"
"High60",594,507,"Base_hour_Flag + Weekday + Holiday + TemperatureF + Dew_PointF + Humidity + Wind_SpeedMPH + month","75708_1"
"Low60",560,391,"Base_hour_Flag + Weekday + Holiday + TemperatureF + Dew_PointF + Humidity + Wind_SpeedMPH + month","75708_1"
"High61",485,511,"Base_hour_Flag + Weekday + Holiday + TemperatureF + Dew_PointF + Humidity + Wind_SpeedMPH + month","75709_1"
"Low61",491,565,"Base_hour_Flag + Weekday + Holiday + TemperatureF + Dew_PointF + Humidity + Wind_SpeedMPH + month","75709_1"
"High62",585,471,"Base_hour_Flag + Weekday + Holiday + TemperatureF + Dew_PointF + Humidity + Wind_SpeedMPH + month","75710_1"
"Low62",496,500,"Base_hour_Flag + Weekday + Holiday + TemperatureF + Dew_PointF + Humidity + Wind_SpeedMPH + month","75710_1"
"High63",384,492,"Base_hour_Flag + Weekday + Holiday + TemperatureF + Dew_PointF + Humidity + Wind_SpeedMPH + month","75711_1"
"Low63",471,705,"Base_hour_Flag + Weekday + Holiday + TemperatureF + Dew_PointF + Humidity + Wind_SpeedMPH + month","75711_1"
"High64",296,510,"Base_hour_Flag + Weekday + Holiday + TemperatureF + Dew_PointF + Humidity + Wind_SpeedMPH + month","75712_1"
"Low64",460,786,"Base_hour_Flag + Weekday + Holiday + TemperatureF + Dew_PointF + Humidity + Wind_SpeedMPH + month","75712_1"
"High65",980,376,"Base_hour_Flag + Weekday + Holiday + TemperatureF + Dew_PointF + Humidity + Wind_SpeedMPH + month","75713_1"
"Low65",457,239,"Base_hour_Flag + Weekday + Holiday + TemperatureF + Dew_PointF + Humidity + Wind_SpeedMPH + month","75713_1"
"High66",347,554,"Base_hour_Flag + Weekday + Holiday + TemperatureF + Dew_PointF + Humidity + Wind_SpeedMPH + month","75714_1"
"Low66",483,668,"Base_hour_Flag + Weekday + Holiday + TemperatureF + Dew_PointF + Humidity + Wind_SpeedMPH + month","75714_1"
"High67",208,457,"Base_hour_Flag + Weekday + Holiday + TemperatureF + Dew_PointF + Humidity + Wind_SpeedMPH + month","75715_1"
"Low67",387,1000,"Base_hour_Flag + Weekday + Holiday + TemperatureF + Dew_PointF + Humidity + Wind_SpeedMPH + month","75715_1"
"High68",463,437,"Base_hour_Flag + Weekday + Holiday + TemperatureF + Dew_PointF + Humidity + Wind_SpeedMPH + month","75716_1"
"Low68",483,669,"Base_hour_Flag + Weekday + Holiday + TemperatureF + Dew_PointF + Humidity + Wind_SpeedMPH + month","75716_1"
"High69",482,522,"Base_hour_Flag + Weekday + Holiday + TemperatureF + Dew_PointF + Humidity + Wind_SpeedMPH + month","75717_1"
"Low69",516,532,"Base_hour_Flag + Weekday + Holiday + TemperatureF + Dew_PointF + Humidity + Wind_SpeedMPH + month","75717_1"
"High70",610,504,"Base_hour_Flag + Weekday + Holiday + TemperatureF + Dew_PointF + Humidity + Wind_SpeedMPH + month","75718_1"
"Low70",549,389,"Base_hour_Flag + Weekday + Holiday + TemperatureF + Dew_PointF + Humidity + Wind_SpeedMPH + month","75718_1"
"High71",353,526,"Base_hour_Flag + Weekday + Holiday + TemperatureF + Dew_PointF + Humidity + Wind_SpeedMPH + month","75719_1"
"Low71",507,666,"Base_hour_Flag + Weekday + Holiday + TemperatureF + Dew_PointF + Humidity + Wind_SpeedMPH + month","75719_1"
"High72",664,518,"Base_hour_Flag + Weekday + Holiday + TemperatureF + Dew_PointF + Humidity + Wind_SpeedMPH + month","75720_1"
"Low72",556,314,"Base_hour_Flag + Weekday + Holiday + TemperatureF + Dew_PointF + Humidity + Wind_SpeedMPH + month","75720_1"
"High73",586,511,"Base_hour_Flag + Weekday + Holiday + TemperatureF + Dew_PointF + Humidity + Wind_SpeedMPH + month","75721_1"
"Low73",543,412,"Base_hour_Flag + Weekday + Holiday + TemperatureF + Dew_PointF + Humidity + Wind_SpeedMPH + month","75721_1"
"High74",677,489,"Base_hour_Flag + Weekday + Holiday + TemperatureF + Dew_PointF + Humidity + Wind_SpeedMPH + month","82254_1"
"Low74",488,398,"Base_hour_Flag + Weekday + Holiday + TemperatureF + Dew_PointF + Humidity + Wind_SpeedMPH + month","82254_1"
