"","RMSE","MAE","MAPE","model","BuildingID_meter","algorithm"
"Test set",0.00735954419198723,0.00607651903214175,Inf,"train$Base_hour_Flag + train$Weekday + train$Holiday + train$month + train$TemperatureF + train$Dew_PointF","28096_1","Linear Regression"
"Test set1",0.0128246090047929,0.00977558258928007,Inf,"train$Base_hour_Flag + train$Weekday + train$Holiday + train$month + train$TemperatureF + train$Dew_PointF","28108_3","Linear Regression"
"Test set2",0.0063235925607678,0.00515386994064502,Inf,"train$Base_hour_Flag + train$Weekday + train$Holiday + train$month + train$TemperatureF + train$Dew_PointF","28161_1","Linear Regression"
"Test set3",0.0047411244955477,0.00393938756588967,Inf,"train$Base_hour_Flag + train$Weekday + train$Holiday + train$month + train$TemperatureF + train$Dew_PointF","28162_1","Linear Regression"
"Test set4",0.00793828528183431,0.00593965923979788,Inf,"train$Base_hour_Flag + train$Weekday + train$Holiday + train$month + train$TemperatureF + train$Dew_PointF","28168_1","Linear Regression"
"Test set5",0.00355631236549996,0.00288503128051769,Inf,"train$Base_hour_Flag + train$Weekday + train$Holiday + train$month + train$TemperatureF + train$Dew_PointF","30602_1","Linear Regression"
"Test set6",0.0447767299311437,0.0269858823598948,Inf,"train$Base_hour_Flag + train$Weekday + train$Holiday + train$month + train$TemperatureF + train$Dew_PointF","5198_1","Linear Regression"
"Test set7",0.00671143874454683,0.0054077865507545,Inf,"train$Base_hour_Flag + train$Weekday + train$Holiday + train$month + train$TemperatureF + train$Dew_PointF","5199_1","Linear Regression"
"Test set8",0.00335688754323489,0.00178982850656601,Inf,"train$Base_hour_Flag + train$Weekday + train$Holiday + train$month + train$TemperatureF + train$Dew_PointF","5286_1","Linear Regression"
"Test set9",0,0,NA,"train$Base_hour_Flag + train$Weekday + train$Holiday + train$month + train$TemperatureF + train$Dew_PointF","5288_1","Linear Regression"
"Test set10",0.00318163586248305,0.00266833053716032,Inf,"train$Base_hour_Flag + train$Weekday + train$Holiday + train$month + train$TemperatureF + train$Dew_PointF","5290_1","Linear Regression"
"Test set11",0,0,NA,"train$Base_hour_Flag + train$Weekday + train$Holiday + train$month + train$TemperatureF + train$Dew_PointF","5290_3","Linear Regression"
"Test set12",0,0,NA,"train$Base_hour_Flag + train$Weekday + train$Holiday + train$month + train$TemperatureF + train$Dew_PointF","5290_8","Linear Regression"
"Test set13",0.000277232900702823,0.000101177538890639,Inf,"train$Base_hour_Flag + train$Weekday + train$Holiday + train$month + train$TemperatureF + train$Dew_PointF","5304_1","Linear Regression"
"Test set14",0.00327707373277667,0.00268855738935618,Inf,"train$Base_hour_Flag + train$Weekday + train$Holiday + train$month + train$TemperatureF + train$Dew_PointF","5304_3","Linear Regression"
"Test set15",0.00570518494947697,0.00443328363928636,Inf,"train$Base_hour_Flag + train$Weekday + train$Holiday + train$month + train$TemperatureF + train$Dew_PointF","5306_1","Linear Regression"
"Test set16",0.00248963860753957,0.00202816566678205,Inf,"train$Base_hour_Flag + train$Weekday + train$Holiday + train$month + train$TemperatureF + train$Dew_PointF","5308_1","Linear Regression"
"Test set17",0.00234242607897546,0.00182376981860039,Inf,"train$Base_hour_Flag + train$Weekday + train$Holiday + train$month + train$TemperatureF + train$Dew_PointF","5310_1","Linear Regression"
"Test set18",0.00347327126934284,0.00262586512349071,Inf,"train$Base_hour_Flag + train$Weekday + train$Holiday + train$month + train$TemperatureF + train$Dew_PointF","5311_1","Linear Regression"
"Test set19",0.00658500350564805,0.00487419226135301,Inf,"train$Base_hour_Flag + train$Weekday + train$Holiday + train$month + train$TemperatureF + train$Dew_PointF","5313_1","Linear Regression"
"Test set20",0.00785739080562204,0.00634867158403157,Inf,"train$Base_hour_Flag + train$Weekday + train$Holiday + train$month + train$TemperatureF + train$Dew_PointF","5314_1","Linear Regression"
"Test set21",0.00413565298880807,0.00289429383666764,Inf,"train$Base_hour_Flag + train$Weekday + train$Holiday + train$month + train$TemperatureF + train$Dew_PointF","5316_1","Linear Regression"
"Test set22",0.00630126509717602,0.00428721674471009,Inf,"train$Base_hour_Flag + train$Weekday + train$Holiday + train$month + train$TemperatureF + train$Dew_PointF","5317_1","Linear Regression"
"Test set23",0.00201648177457311,0.00159829615400393,Inf,"train$Base_hour_Flag + train$Weekday + train$Holiday + train$month + train$TemperatureF + train$Dew_PointF","5318_1","Linear Regression"
"Test set24",0.00179580809249359,0.00148898920651973,Inf,"train$Base_hour_Flag + train$Weekday + train$Holiday + train$month + train$TemperatureF + train$Dew_PointF","5322_1","Linear Regression"
"Test set25",0.000797449127854146,0.000622066916018955,Inf,"train$Base_hour_Flag + train$Weekday + train$Holiday + train$month + train$TemperatureF + train$Dew_PointF","5323_1","Linear Regression"
"Test set26",0.0030574058857899,0.00245547169351654,Inf,"train$Base_hour_Flag + train$Weekday + train$Holiday + train$month + train$TemperatureF + train$Dew_PointF","5325_1","Linear Regression"
"Test set27",0.00431155051924218,0.00355249723800838,Inf,"train$Base_hour_Flag + train$Weekday + train$Holiday + train$month + train$TemperatureF + train$Dew_PointF","5329_1","Linear Regression"
"Test set28",0.00434729611220521,0.00359497277677524,Inf,"train$Base_hour_Flag + train$Weekday + train$Holiday + train$month + train$TemperatureF + train$Dew_PointF","5332_1","Linear Regression"
"Test set29",0.00119233953442874,0.000925176718547706,Inf,"train$Base_hour_Flag + train$Weekday + train$Holiday + train$month + train$TemperatureF + train$Dew_PointF","5333_1","Linear Regression"
"Test set30",0.0058682073387385,0.0038955346644552,Inf,"train$Base_hour_Flag + train$Weekday + train$Holiday + train$month + train$TemperatureF + train$Dew_PointF","5335_1","Linear Regression"
"Test set31",0.00420008226907781,0.00335611582934807,Inf,"train$Base_hour_Flag + train$Weekday + train$Holiday + train$month + train$TemperatureF + train$Dew_PointF","5340_1","Linear Regression"
"Test set32",0.00416934304260722,0.00294128682230612,Inf,"train$Base_hour_Flag + train$Weekday + train$Holiday + train$month + train$TemperatureF + train$Dew_PointF","5351_1","Linear Regression"
"Test set33",0.00353124949511633,0.00286872738668466,Inf,"train$Base_hour_Flag + train$Weekday + train$Holiday + train$month + train$TemperatureF + train$Dew_PointF","5352_1","Linear Regression"
"Test set34",0.00354280040945046,0.00279816438364149,Inf,"train$Base_hour_Flag + train$Weekday + train$Holiday + train$month + train$TemperatureF + train$Dew_PointF","5355_1","Linear Regression"
"Test set35",0.00267770485420272,0.0021174196380826,Inf,"train$Base_hour_Flag + train$Weekday + train$Holiday + train$month + train$TemperatureF + train$Dew_PointF","5356_1","Linear Regression"
"Test set36",0.00173562944463109,0.0014183380566462,Inf,"train$Base_hour_Flag + train$Weekday + train$Holiday + train$month + train$TemperatureF + train$Dew_PointF","5357_1","Linear Regression"
"Test set37",0.00303361530921266,0.00245244804427303,Inf,"train$Base_hour_Flag + train$Weekday + train$Holiday + train$month + train$TemperatureF + train$Dew_PointF","5358_1","Linear Regression"
"Test set38",0.000119632028310024,9.71135091929262e-05,Inf,"train$Base_hour_Flag + train$Weekday + train$Holiday + train$month + train$TemperatureF + train$Dew_PointF","77662_2","Linear Regression"
"Test set39",0.00116634488727426,0.000949393418888073,Inf,"train$Base_hour_Flag + train$Weekday + train$Holiday + train$month + train$TemperatureF + train$Dew_PointF","81909_1","Linear Regression"
"Test set40",0.00557259362846694,0.00479740139384972,Inf,"train$Base_hour_Flag + train$Weekday + train$Holiday + train$month + train$TemperatureF + train$Dew_PointF","83427_1","Linear Regression"
"Test set41",0.00511730939800667,0.00412631419234642,Inf,"train$Base_hour_Flag + train$Weekday + train$Holiday + train$month + train$TemperatureF + train$Dew_PointF","84681_1","Linear Regression"
"Test set42",0.013857500811174,0.010791725270077,Inf,"train$month + train$Base_hour_Flag + train$Weekday + train$TemperatureF + train$Dew_PointF + train$WindDirDegrees","28096_4","Linear Regression"
"Test set43",0.0191347632489522,0.0135311378697968,Inf,"train$month + train$Base_hour_Flag + train$Weekday + train$TemperatureF + train$Dew_PointF + train$WindDirDegrees","28168_4","Linear Regression"
"Test set44",0.00834713680628464,0.00621875274851424,Inf,"train$month + train$Base_hour_Flag + train$Weekday + train$TemperatureF + train$Dew_PointF + train$WindDirDegrees","75689_1","Linear Regression"
"Test set45",0.00306546306311467,0.00213244445021575,Inf,"train$month + train$Base_hour_Flag + train$Weekday + train$TemperatureF + train$Dew_PointF + train$WindDirDegrees","75690_1","Linear Regression"
"Test set46",0.00467870317143004,0.00338144259485514,Inf,"train$month + train$Base_hour_Flag + train$Weekday + train$TemperatureF + train$Dew_PointF + train$WindDirDegrees","75691_1","Linear Regression"
"Test set47",0.00299941554772783,0.00235816481807592,Inf,"train$month + train$Base_hour_Flag + train$Weekday + train$TemperatureF + train$Dew_PointF + train$WindDirDegrees","75692_1","Linear Regression"
"Test set48",0.00386870997305716,0.00261789598423309,Inf,"train$month + train$Base_hour_Flag + train$Weekday + train$TemperatureF + train$Dew_PointF + train$WindDirDegrees","75693_1","Linear Regression"
"Test set49",0.00395608949518211,0.0029548927925198,Inf,"train$month + train$Base_hour_Flag + train$Weekday + train$TemperatureF + train$Dew_PointF + train$WindDirDegrees","75694_1","Linear Regression"
"Test set50",0.0079679683606258,0.00580351826566723,Inf,"train$month + train$Base_hour_Flag + train$Weekday + train$TemperatureF + train$Dew_PointF + train$WindDirDegrees","75696_1","Linear Regression"
"Test set51",0.000183201112635885,0.000129691110964546,Inf,"train$month + train$Base_hour_Flag + train$Weekday + train$TemperatureF + train$Dew_PointF + train$WindDirDegrees","75696_2","Linear Regression"
"Test set52",0.00245641706463182,0.00170337511493897,Inf,"train$month + train$Base_hour_Flag + train$Weekday + train$TemperatureF + train$Dew_PointF + train$WindDirDegrees","75697_1","Linear Regression"
"Test set53",0.00518795016451624,0.0032307183962152,Inf,"train$month + train$Base_hour_Flag + train$Weekday + train$TemperatureF + train$Dew_PointF + train$WindDirDegrees","75698_1","Linear Regression"
"Test set54",0.0148434913383685,0.0110381931305581,Inf,"train$month + train$Base_hour_Flag + train$Weekday + train$TemperatureF + train$Dew_PointF + train$WindDirDegrees","75699_1","Linear Regression"
"Test set55",0.00510750243075309,0.00380804715788803,Inf,"train$month + train$Base_hour_Flag + train$Weekday + train$TemperatureF + train$Dew_PointF + train$WindDirDegrees","75700_1","Linear Regression"
"Test set56",0.00298637589477352,0.00225037359767973,Inf,"train$month + train$Base_hour_Flag + train$Weekday + train$TemperatureF + train$Dew_PointF + train$WindDirDegrees","75701_1","Linear Regression"
"Test set57",0.00266474395355841,0.00194013948186837,Inf,"train$month + train$Base_hour_Flag + train$Weekday + train$TemperatureF + train$Dew_PointF + train$WindDirDegrees","75702_1","Linear Regression"
"Test set58",0.000734302833468535,0.000524289764104782,Inf,"train$month + train$Base_hour_Flag + train$Weekday + train$TemperatureF + train$Dew_PointF + train$WindDirDegrees","75703_1","Linear Regression"
"Test set59",0.00608681548332352,0.00463974155677418,Inf,"train$month + train$Base_hour_Flag + train$Weekday + train$TemperatureF + train$Dew_PointF + train$WindDirDegrees","75704_1","Linear Regression"
"Test set60",0.00635601091804888,0.00453019625473249,Inf,"train$month + train$Base_hour_Flag + train$Weekday + train$TemperatureF + train$Dew_PointF + train$WindDirDegrees","75705_1","Linear Regression"
"Test set61",0.00309821477921209,0.00205825587017651,Inf,"train$month + train$Base_hour_Flag + train$Weekday + train$TemperatureF + train$Dew_PointF + train$WindDirDegrees","75706_1","Linear Regression"
"Test set62",0.00526149852044727,0.0037926073910087,Inf,"train$month + train$Base_hour_Flag + train$Weekday + train$TemperatureF + train$Dew_PointF + train$WindDirDegrees","75707_1","Linear Regression"
"Test set63",0.00238419507223101,0.00181976262489828,Inf,"train$month + train$Base_hour_Flag + train$Weekday + train$TemperatureF + train$Dew_PointF + train$WindDirDegrees","75708_1","Linear Regression"
"Test set64",0.00162130090765053,0.00112805538812712,Inf,"train$month + train$Base_hour_Flag + train$Weekday + train$TemperatureF + train$Dew_PointF + train$WindDirDegrees","75709_1","Linear Regression"
"Test set65",0.00325803227864359,0.00243727709432501,Inf,"train$month + train$Base_hour_Flag + train$Weekday + train$TemperatureF + train$Dew_PointF + train$WindDirDegrees","75710_1","Linear Regression"
"Test set66",0.00257682519147765,0.00189247476295894,Inf,"train$month + train$Base_hour_Flag + train$Weekday + train$TemperatureF + train$Dew_PointF + train$WindDirDegrees","75711_1","Linear Regression"
"Test set67",0.00978842335081258,0.00690910976297688,Inf,"train$month + train$Base_hour_Flag + train$Weekday + train$TemperatureF + train$Dew_PointF + train$WindDirDegrees","75712_1","Linear Regression"
"Test set68",0.00396055315249224,0.00280870524354317,Inf,"train$month + train$Base_hour_Flag + train$Weekday + train$TemperatureF + train$Dew_PointF + train$WindDirDegrees","75713_1","Linear Regression"
"Test set69",0.00350652479200177,0.00247719499374292,Inf,"train$month + train$Base_hour_Flag + train$Weekday + train$TemperatureF + train$Dew_PointF + train$WindDirDegrees","75714_1","Linear Regression"
"Test set70",0.00269124362659055,0.00166210436683402,Inf,"train$month + train$Base_hour_Flag + train$Weekday + train$TemperatureF + train$Dew_PointF + train$WindDirDegrees","75715_1","Linear Regression"
"Test set71",0.000403152970426202,0.00028822536554922,Inf,"train$month + train$Base_hour_Flag + train$Weekday + train$TemperatureF + train$Dew_PointF + train$WindDirDegrees","75716_1","Linear Regression"
"Test set72",0.00872272357281842,0.00696128286988972,Inf,"train$month + train$Base_hour_Flag + train$Weekday + train$TemperatureF + train$Dew_PointF + train$WindDirDegrees","75717_1","Linear Regression"
"Test set73",0.00388087272089609,0.00282273231055223,Inf,"train$month + train$Base_hour_Flag + train$Weekday + train$TemperatureF + train$Dew_PointF + train$WindDirDegrees","75718_1","Linear Regression"
"Test set74",0.00139734708195768,0.00092753153926565,Inf,"train$month + train$Base_hour_Flag + train$Weekday + train$TemperatureF + train$Dew_PointF + train$WindDirDegrees","75719_1","Linear Regression"
"Test set75",0.00466166566914779,0.00348541455970992,Inf,"train$month + train$Base_hour_Flag + train$Weekday + train$TemperatureF + train$Dew_PointF + train$WindDirDegrees","75720_1","Linear Regression"
"Test set76",0.00816458337744256,0.00602185925123792,Inf,"train$month + train$Base_hour_Flag + train$Weekday + train$TemperatureF + train$Dew_PointF + train$WindDirDegrees","75721_1","Linear Regression"
"Test set77",0.00777270478684005,0.00566590960779689,Inf,"train$month + train$Base_hour_Flag + train$Weekday + train$TemperatureF + train$Dew_PointF + train$WindDirDegrees","82254_1","Linear Regression"
