"RMSE","MAE","MAPE","model","BuildingID_meter","algorithm"
0.00617510880893807,0.00432499039694355,Inf,"train$Base_hour_Flag + train$Weekday + train$Holiday + train$month + train$TemperatureF + train$Dew_PointF","28096_1","Random Forest"
0.0103408332154227,0.0068807445737924,Inf,"train$Base_hour_Flag + train$Weekday + train$Holiday + train$month + train$TemperatureF + train$Dew_PointF","28108_3","Random Forest"
0.00510773338615651,0.00361812390827021,Inf,"train$Base_hour_Flag + train$Weekday + train$Holiday + train$month + train$TemperatureF + train$Dew_PointF","28161_1","Random Forest"
0.0038268412094069,0.00258883346035923,Inf,"train$Base_hour_Flag + train$Weekday + train$Holiday + train$month + train$TemperatureF + train$Dew_PointF","28162_1","Random Forest"
0.00708222497104891,0.00417397045904041,Inf,"train$Base_hour_Flag + train$Weekday + train$Holiday + train$month + train$TemperatureF + train$Dew_PointF","28168_1","Random Forest"
0.00288737448329416,0.00193300502299857,Inf,"train$Base_hour_Flag + train$Weekday + train$Holiday + train$month + train$TemperatureF + train$Dew_PointF","30602_1","Random Forest"
0.032596456982968,0.0203161691559562,Inf,"train$Base_hour_Flag + train$Weekday + train$Holiday + train$month + train$TemperatureF + train$Dew_PointF","5198_1","Random Forest"
0.00578452260566312,0.00392893619495515,Inf,"train$Base_hour_Flag + train$Weekday + train$Holiday + train$month + train$TemperatureF + train$Dew_PointF","5199_1","Random Forest"
0.00295160361591332,0.00161921267694121,Inf,"train$Base_hour_Flag + train$Weekday + train$Holiday + train$month + train$TemperatureF + train$Dew_PointF","5286_1","Random Forest"
0,0,NA,"train$Base_hour_Flag + train$Weekday + train$Holiday + train$month + train$TemperatureF + train$Dew_PointF","5288_1","Random Forest"
0.00264297423768026,0.00184414391299696,Inf,"train$Base_hour_Flag + train$Weekday + train$Holiday + train$month + train$TemperatureF + train$Dew_PointF","5290_1","Random Forest"
0,0,NA,"train$Base_hour_Flag + train$Weekday + train$Holiday + train$month + train$TemperatureF + train$Dew_PointF","5290_3","Random Forest"
0,0,NA,"train$Base_hour_Flag + train$Weekday + train$Holiday + train$month + train$TemperatureF + train$Dew_PointF","5290_8","Random Forest"
0.000211307366206084,4.69726494062321e-05,Inf,"train$Base_hour_Flag + train$Weekday + train$Holiday + train$month + train$TemperatureF + train$Dew_PointF","5304_1","Random Forest"
0.0026754057867635,0.00189945759565996,Inf,"train$Base_hour_Flag + train$Weekday + train$Holiday + train$month + train$TemperatureF + train$Dew_PointF","5304_3","Random Forest"
0.00481319625285532,0.00341970902455814,Inf,"train$Base_hour_Flag + train$Weekday + train$Holiday + train$month + train$TemperatureF + train$Dew_PointF","5306_1","Random Forest"
0.00202358267912808,0.0013600089614195,Inf,"train$Base_hour_Flag + train$Weekday + train$Holiday + train$month + train$TemperatureF + train$Dew_PointF","5308_1","Random Forest"
0.00199726723580846,0.00137494508628919,Inf,"train$Base_hour_Flag + train$Weekday + train$Holiday + train$month + train$TemperatureF + train$Dew_PointF","5310_1","Random Forest"
0.00297474592682285,0.00195319054693027,Inf,"train$Base_hour_Flag + train$Weekday + train$Holiday + train$month + train$TemperatureF + train$Dew_PointF","5311_1","Random Forest"
0.00561441581788387,0.00375128206124872,Inf,"train$Base_hour_Flag + train$Weekday + train$Holiday + train$month + train$TemperatureF + train$Dew_PointF","5313_1","Random Forest"
0.0065393355347572,0.00451980177033668,Inf,"train$Base_hour_Flag + train$Weekday + train$Holiday + train$month + train$TemperatureF + train$Dew_PointF","5314_1","Random Forest"
0.00262874674690435,0.00111127173673823,Inf,"train$Base_hour_Flag + train$Weekday + train$Holiday + train$month + train$TemperatureF + train$Dew_PointF","5316_1","Random Forest"
0.00551929738595814,0.00323936831448625,Inf,"train$Base_hour_Flag + train$Weekday + train$Holiday + train$month + train$TemperatureF + train$Dew_PointF","5317_1","Random Forest"
0.0017146355196056,0.00122448230457082,Inf,"train$Base_hour_Flag + train$Weekday + train$Holiday + train$month + train$TemperatureF + train$Dew_PointF","5318_1","Random Forest"
0.00126930407539057,0.00094317843380941,Inf,"train$Base_hour_Flag + train$Weekday + train$Holiday + train$month + train$TemperatureF + train$Dew_PointF","5322_1","Random Forest"
0.000665576271504312,0.000493417370716945,Inf,"train$Base_hour_Flag + train$Weekday + train$Holiday + train$month + train$TemperatureF + train$Dew_PointF","5323_1","Random Forest"
0.00244237332107452,0.0018779430076888,Inf,"train$Base_hour_Flag + train$Weekday + train$Holiday + train$month + train$TemperatureF + train$Dew_PointF","5325_1","Random Forest"
0.00363784987811916,0.00240677121637179,Inf,"train$Base_hour_Flag + train$Weekday + train$Holiday + train$month + train$TemperatureF + train$Dew_PointF","5329_1","Random Forest"
0.00347204697889607,0.00253753568623238,Inf,"train$Base_hour_Flag + train$Weekday + train$Holiday + train$month + train$TemperatureF + train$Dew_PointF","5332_1","Random Forest"
0.00105142399259845,0.000709887039760879,Inf,"train$Base_hour_Flag + train$Weekday + train$Holiday + train$month + train$TemperatureF + train$Dew_PointF","5333_1","Random Forest"
0.00376555143285203,0.00252081561487044,Inf,"train$Base_hour_Flag + train$Weekday + train$Holiday + train$month + train$TemperatureF + train$Dew_PointF","5335_1","Random Forest"
0.00338415470594815,0.00229178237618954,Inf,"train$Base_hour_Flag + train$Weekday + train$Holiday + train$month + train$TemperatureF + train$Dew_PointF","5340_1","Random Forest"
0.00331443762260923,0.00225020568262153,Inf,"train$Base_hour_Flag + train$Weekday + train$Holiday + train$month + train$TemperatureF + train$Dew_PointF","5351_1","Random Forest"
0.00291087901147507,0.00218842108249972,Inf,"train$Base_hour_Flag + train$Weekday + train$Holiday + train$month + train$TemperatureF + train$Dew_PointF","5352_1","Random Forest"
0.00282616585168061,0.00196986784902241,Inf,"train$Base_hour_Flag + train$Weekday + train$Holiday + train$month + train$TemperatureF + train$Dew_PointF","5355_1","Random Forest"
0.00214157989580168,0.00161891871049805,Inf,"train$Base_hour_Flag + train$Weekday + train$Holiday + train$month + train$TemperatureF + train$Dew_PointF","5356_1","Random Forest"
0.00136414960083831,0.000944549982714504,Inf,"train$Base_hour_Flag + train$Weekday + train$Holiday + train$month + train$TemperatureF + train$Dew_PointF","5357_1","Random Forest"
0.00235243366678301,0.00156904272052645,Inf,"train$Base_hour_Flag + train$Weekday + train$Holiday + train$month + train$TemperatureF + train$Dew_PointF","5358_1","Random Forest"
0.000101609777045097,7.87717951585748e-05,Inf,"train$Base_hour_Flag + train$Weekday + train$Holiday + train$month + train$TemperatureF + train$Dew_PointF","77662_2","Random Forest"
0.00102929448982911,0.000730239987775444,Inf,"train$Base_hour_Flag + train$Weekday + train$Holiday + train$month + train$TemperatureF + train$Dew_PointF","81909_1","Random Forest"
0.00467260931070413,0.00345406144932207,Inf,"train$Base_hour_Flag + train$Weekday + train$Holiday + train$month + train$TemperatureF + train$Dew_PointF","83427_1","Random Forest"
0.00396608270887333,0.00290054291401572,Inf,"train$Base_hour_Flag + train$Weekday + train$Holiday + train$month + train$TemperatureF + train$Dew_PointF","84681_1","Random Forest"
0.00782545378279513,0.0057114917157597,Inf,"train$WindDirDegrees + train$Base_hour_Flag + train$Weekday + train$month + train$TemperatureF + train$Dew_PointF","28096_4","Random Forest"
0.00928921078478614,0.00594826249082207,Inf,"train$WindDirDegrees + train$Base_hour_Flag + train$Weekday + train$month + train$TemperatureF + train$Dew_PointF","28168_4","Random Forest"
0.00454815385585412,0.0029402603451108,Inf,"train$WindDirDegrees + train$Base_hour_Flag + train$Weekday + train$month + train$TemperatureF + train$Dew_PointF","75689_1","Random Forest"
0.00146207013276957,0.000889058081531757,Inf,"train$WindDirDegrees + train$Base_hour_Flag + train$Weekday + train$month + train$TemperatureF + train$Dew_PointF","75690_1","Random Forest"
0.00270945051171139,0.00146900124271014,Inf,"train$WindDirDegrees + train$Base_hour_Flag + train$Weekday + train$month + train$TemperatureF + train$Dew_PointF","75691_1","Random Forest"
0.00157091937032701,0.00103347837725433,Inf,"train$WindDirDegrees + train$Base_hour_Flag + train$Weekday + train$month + train$TemperatureF + train$Dew_PointF","75692_1","Random Forest"
0.00196285136109017,0.00112994547389238,Inf,"train$WindDirDegrees + train$Base_hour_Flag + train$Weekday + train$month + train$TemperatureF + train$Dew_PointF","75693_1","Random Forest"
0.00205770606015348,0.00118383781833452,Inf,"train$WindDirDegrees + train$Base_hour_Flag + train$Weekday + train$month + train$TemperatureF + train$Dew_PointF","75694_1","Random Forest"
0.00477216929448151,0.00272683872717302,Inf,"train$WindDirDegrees + train$Base_hour_Flag + train$Weekday + train$month + train$TemperatureF + train$Dew_PointF","75696_1","Random Forest"
0.000111004420389102,5.85994875632241e-05,Inf,"train$WindDirDegrees + train$Base_hour_Flag + train$Weekday + train$month + train$TemperatureF + train$Dew_PointF","75696_2","Random Forest"
0.00108335135611112,0.000695686820570282,Inf,"train$WindDirDegrees + train$Base_hour_Flag + train$Weekday + train$month + train$TemperatureF + train$Dew_PointF","75697_1","Random Forest"
0.00209573648229357,0.00122397849588001,Inf,"train$WindDirDegrees + train$Base_hour_Flag + train$Weekday + train$month + train$TemperatureF + train$Dew_PointF","75698_1","Random Forest"
0.00843140347589687,0.00486954603099793,Inf,"train$WindDirDegrees + train$Base_hour_Flag + train$Weekday + train$month + train$TemperatureF + train$Dew_PointF","75699_1","Random Forest"
0.00270948967940214,0.00169542770399442,Inf,"train$WindDirDegrees + train$Base_hour_Flag + train$Weekday + train$month + train$TemperatureF + train$Dew_PointF","75700_1","Random Forest"
0.00153936496780355,0.000913668476624205,Inf,"train$WindDirDegrees + train$Base_hour_Flag + train$Weekday + train$month + train$TemperatureF + train$Dew_PointF","75701_1","Random Forest"
0.00132180908074969,0.000884485698443327,Inf,"train$WindDirDegrees + train$Base_hour_Flag + train$Weekday + train$month + train$TemperatureF + train$Dew_PointF","75702_1","Random Forest"
0.000380830407029938,0.00022489262600603,Inf,"train$WindDirDegrees + train$Base_hour_Flag + train$Weekday + train$month + train$TemperatureF + train$Dew_PointF","75703_1","Random Forest"
0.00344346210461057,0.00202472819574455,Inf,"train$WindDirDegrees + train$Base_hour_Flag + train$Weekday + train$month + train$TemperatureF + train$Dew_PointF","75704_1","Random Forest"
0.00330165002580857,0.00193225696519308,Inf,"train$WindDirDegrees + train$Base_hour_Flag + train$Weekday + train$month + train$TemperatureF + train$Dew_PointF","75705_1","Random Forest"
0.0013680449216849,0.000873931433776811,Inf,"train$WindDirDegrees + train$Base_hour_Flag + train$Weekday + train$month + train$TemperatureF + train$Dew_PointF","75706_1","Random Forest"
0.00282260049246537,0.00177243154877093,Inf,"train$WindDirDegrees + train$Base_hour_Flag + train$Weekday + train$month + train$TemperatureF + train$Dew_PointF","75707_1","Random Forest"
0.00129747901819378,0.000722583924465004,Inf,"train$WindDirDegrees + train$Base_hour_Flag + train$Weekday + train$month + train$TemperatureF + train$Dew_PointF","75708_1","Random Forest"
0.000806389072258692,0.000487375508430973,Inf,"train$WindDirDegrees + train$Base_hour_Flag + train$Weekday + train$month + train$TemperatureF + train$Dew_PointF","75709_1","Random Forest"
0.00181649886335851,0.00106460050642855,Inf,"train$WindDirDegrees + train$Base_hour_Flag + train$Weekday + train$month + train$TemperatureF + train$Dew_PointF","75710_1","Random Forest"
0.00134592576325267,0.000780439321192169,Inf,"train$WindDirDegrees + train$Base_hour_Flag + train$Weekday + train$month + train$TemperatureF + train$Dew_PointF","75711_1","Random Forest"
0.00493607959652518,0.00300981561394467,Inf,"train$WindDirDegrees + train$Base_hour_Flag + train$Weekday + train$month + train$TemperatureF + train$Dew_PointF","75712_1","Random Forest"
0.00228012977151864,0.00136299037937643,Inf,"train$WindDirDegrees + train$Base_hour_Flag + train$Weekday + train$month + train$TemperatureF + train$Dew_PointF","75713_1","Random Forest"
0.00177706717834376,0.00120433144515982,Inf,"train$WindDirDegrees + train$Base_hour_Flag + train$Weekday + train$month + train$TemperatureF + train$Dew_PointF","75714_1","Random Forest"
0.00114470420906782,0.000705056589612247,Inf,"train$WindDirDegrees + train$Base_hour_Flag + train$Weekday + train$month + train$TemperatureF + train$Dew_PointF","75715_1","Random Forest"
0.000223489435113429,0.000150399949253331,Inf,"train$WindDirDegrees + train$Base_hour_Flag + train$Weekday + train$month + train$TemperatureF + train$Dew_PointF","75716_1","Random Forest"
0.00465099587342876,0.00262290699712562,Inf,"train$WindDirDegrees + train$Base_hour_Flag + train$Weekday + train$month + train$TemperatureF + train$Dew_PointF","75717_1","Random Forest"
0.00210017803350364,0.00115063555103919,Inf,"train$WindDirDegrees + train$Base_hour_Flag + train$Weekday + train$month + train$TemperatureF + train$Dew_PointF","75718_1","Random Forest"
0.000753131648844613,0.000425924273447043,Inf,"train$WindDirDegrees + train$Base_hour_Flag + train$Weekday + train$month + train$TemperatureF + train$Dew_PointF","75719_1","Random Forest"
0.00247039447177641,0.00142176821907292,Inf,"train$WindDirDegrees + train$Base_hour_Flag + train$Weekday + train$month + train$TemperatureF + train$Dew_PointF","75720_1","Random Forest"
0.00500626938427395,0.00301888990593196,Inf,"train$WindDirDegrees + train$Base_hour_Flag + train$Weekday + train$month + train$TemperatureF + train$Dew_PointF","75721_1","Random Forest"
0.00463875579337813,0.00289705944009684,Inf,"train$WindDirDegrees + train$Base_hour_Flag + train$Weekday + train$month + train$TemperatureF + train$Dew_PointF","82254_1","Random Forest"
