"","RMSE","MAE","MAPE","selected_model","BuildingID_meter","algorithm"
"1",0.00907957434055726,0.00592111866537768,NA,"Weekday+ Base_hour_Flag+ Holiday+ TemperatureF+ Dew_PointF","28096_1","KNN"
"2",0.0159952595584172,0.00946524776934133,NA,"Weekday+ Base_hour_Flag+ Holiday+ TemperatureF+ Dew_PointF","28108_3","KNN"
"3",0.00790690990962601,0.00520934860298895,Inf,"Weekday+ Base_hour_Flag+ Holiday+ TemperatureF+ Dew_PointF","28161_1","KNN"
"4",0.00534434089297222,0.00330910223088586,NA,"Weekday+ Base_hour_Flag+ Holiday+ TemperatureF+ Dew_PointF","28162_1","KNN"
"5",0.00949873100688534,0.00406827307412103,NA,"Weekday+ Base_hour_Flag+ Holiday+ TemperatureF+ Dew_PointF","28168_1","KNN"
"6",0.00472559436303544,0.00308001846710264,NA,"Weekday+ Base_hour_Flag+ Holiday+ TemperatureF+ Dew_PointF","30602_1","KNN"
"7",0.0559210585543962,0.0319643806485911,NA,"Weekday+ Base_hour_Flag+ Holiday+ TemperatureF+ Dew_PointF","5198_1","KNN"
"8",0.00947514715396513,0.00583566269887099,NA,"Weekday+ Base_hour_Flag+ Holiday+ TemperatureF+ Dew_PointF","5199_1","KNN"
"9",0.00379573038188742,0.00184021413400832,NA,"Weekday+ Base_hour_Flag+ Holiday+ TemperatureF+ Dew_PointF","5286_1","KNN"
"10",0.00393244724078433,0.00243977333809567,NA,"Weekday+ Base_hour_Flag+ Holiday+ TemperatureF+ Dew_PointF","5290_1","KNN"
"11",0.000467266466469428,0.000111188854561073,NA,"Weekday+ Base_hour_Flag+ Holiday+ TemperatureF+ Dew_PointF","5304_1","KNN"
"12",0.00435785179099332,0.00286784250941239,NA,"Weekday+ Base_hour_Flag+ Holiday+ TemperatureF+ Dew_PointF","5304_3","KNN"
"13",0.00763958020408821,0.00522345364015492,NA,"Weekday+ Base_hour_Flag+ Holiday+ TemperatureF+ Dew_PointF","5306_1","KNN"
"14",0.00310265309550852,0.00187110510590121,NA,"Weekday+ Base_hour_Flag+ Holiday+ TemperatureF+ Dew_PointF","5308_1","KNN"
"15",0.00295289148242188,0.00193483170843223,NA,"Weekday+ Base_hour_Flag+ Holiday+ TemperatureF+ Dew_PointF","5310_1","KNN"
"16",0.00450751434584921,0.00276235037626195,NA,"Weekday+ Base_hour_Flag+ Holiday+ TemperatureF+ Dew_PointF","5311_1","KNN"
"17",0.00854968154022422,0.00561441730688377,NA,"Weekday+ Base_hour_Flag+ Holiday+ TemperatureF+ Dew_PointF","5313_1","KNN"
"18",0.00993503831280776,0.00621070309215304,NA,"Weekday+ Base_hour_Flag+ Holiday+ TemperatureF+ Dew_PointF","5314_1","KNN"
"19",0.00788624982965655,0.00315940185390937,NA,"Weekday+ Base_hour_Flag+ Holiday+ TemperatureF+ Dew_PointF","5316_1","KNN"
"20",0.00763819234548135,0.00302593549166048,NA,"Weekday+ Base_hour_Flag+ Holiday+ TemperatureF+ Dew_PointF","5317_1","KNN"
"21",0.00277130166210609,0.00181285793523053,NA,"Weekday+ Base_hour_Flag+ Holiday+ TemperatureF+ Dew_PointF","5318_1","KNN"
"22",0.00189150048304987,0.00129494953716765,NA,"Weekday+ Base_hour_Flag+ Holiday+ TemperatureF+ Dew_PointF","5322_1","KNN"
"23",0.00114506795487906,0.00078527086692975,NA,"Weekday+ Base_hour_Flag+ Holiday+ TemperatureF+ Dew_PointF","5323_1","KNN"
"24",0.0040885310017272,0.0028790910023597,NA,"Weekday+ Base_hour_Flag+ Holiday+ TemperatureF+ Dew_PointF","5325_1","KNN"
"25",0.00544868851470838,0.00330974118868931,NA,"Weekday+ Base_hour_Flag+ Holiday+ TemperatureF+ Dew_PointF","5329_1","KNN"
"26",0.00525469647344804,0.00344573952600398,Inf,"Weekday+ Base_hour_Flag+ Holiday+ TemperatureF+ Dew_PointF","5332_1","KNN"
"27",0.00149791932083563,0.000902957032370341,NA,"Weekday+ Base_hour_Flag+ Holiday+ TemperatureF+ Dew_PointF","5333_1","KNN"
"28",0.00926483454722097,0.00515978132901009,NA,"Weekday+ Base_hour_Flag+ Holiday+ TemperatureF+ Dew_PointF","5335_1","KNN"
"29",0.00515300413180215,0.00326162628794208,NA,"Weekday+ Base_hour_Flag+ Holiday+ TemperatureF+ Dew_PointF","5340_1","KNN"
"30",0.00511153200342986,0.00326882178268322,NA,"Weekday+ Base_hour_Flag+ Holiday+ TemperatureF+ Dew_PointF","5351_1","KNN"
"31",0.00440755170846728,0.00315029406813745,NA,"Weekday+ Base_hour_Flag+ Holiday+ TemperatureF+ Dew_PointF","5352_1","KNN"
"32",0.00509301431678611,0.00306310293125119,NA,"Weekday+ Base_hour_Flag+ Holiday+ TemperatureF+ Dew_PointF","5355_1","KNN"
"33",0.00411711871984158,0.00286761702369688,NA,"Weekday+ Base_hour_Flag+ Holiday+ TemperatureF+ Dew_PointF","5356_1","KNN"
"34",0.00219275735625939,0.00137005856096907,NA,"Weekday+ Base_hour_Flag+ Holiday+ TemperatureF+ Dew_PointF","5357_1","KNN"
"35",0.00340271556349634,0.00222855237591403,NA,"Weekday+ Base_hour_Flag+ Holiday+ TemperatureF+ Dew_PointF","5358_1","KNN"
"36",0.00014100662809709,0.0000986247968188237,NA,"Weekday+ Base_hour_Flag+ Holiday+ TemperatureF+ Dew_PointF","77662_2","KNN"
"37",0.00147432549476333,0.000845996848661738,Inf,"Weekday+ Base_hour_Flag+ Holiday+ TemperatureF+ Dew_PointF","81909_1","KNN"
"38",0.00796745834819127,0.0049253212576218,NA,"Weekday+ Base_hour_Flag+ Holiday+ TemperatureF+ Dew_PointF","83427_1","KNN"
"39",0.0098336202855039,0.00652498434490475,NA,"Weekday+ Base_hour_Flag+ Holiday+ TemperatureF+ Dew_PointF","84681_1","KNN"
"40",0.0149138596659794,0.00911695642297553,NA,"Weekday+ Base_hour_Flag+ TemperatureF+ Dew_PointF","28096_4","KNN"
"41",0.0280116902962278,0.0156108240903563,NA,"Weekday+ Base_hour_Flag+ TemperatureF+ Dew_PointF","28168_4","KNN"
"42",0.0117914605915678,0.00664804383905306,NA,"Weekday+ Base_hour_Flag+ TemperatureF+ Dew_PointF","75689_1","KNN"
"43",0.00486845726705236,0.00251545367602938,NA,"Weekday+ Base_hour_Flag+ TemperatureF+ Dew_PointF","75690_1","KNN"
"44",0.00646202796505642,0.00342643005982389,NA,"Weekday+ Base_hour_Flag+ TemperatureF+ Dew_PointF","75691_1","KNN"
"45",0.00403779293994456,0.00215705357841055,NA,"Weekday+ Base_hour_Flag+ TemperatureF+ Dew_PointF","75692_1","KNN"
"46",0.0065743457934851,0.00357302638923513,NA,"Weekday+ Base_hour_Flag+ TemperatureF+ Dew_PointF","75693_1","KNN"
"47",0.00525161690422357,0.00302745066623942,NA,"Weekday+ Base_hour_Flag+ TemperatureF+ Dew_PointF","75694_1","KNN"
"48",0.0111881016713548,0.00599958109585837,NA,"Weekday+ Base_hour_Flag+ TemperatureF+ Dew_PointF","75696_1","KNN"
"49",0.000208838047016733,0.0000953553645684341,NA,"Weekday+ Base_hour_Flag+ TemperatureF+ Dew_PointF","75696_2","KNN"
"50",0.00399082686747771,0.00190317804801492,NA,"Weekday+ Base_hour_Flag+ TemperatureF+ Dew_PointF","75697_1","KNN"
"51",0.00807078405407406,0.00363712109883863,NA,"Weekday+ Base_hour_Flag+ TemperatureF+ Dew_PointF","75698_1","KNN"
"52",0.0184241214019032,0.00902868888786331,NA,"Weekday+ Base_hour_Flag+ TemperatureF+ Dew_PointF","75699_1","KNN"
"53",0.00690707922087634,0.00382278510793789,NA,"Weekday+ Base_hour_Flag+ TemperatureF+ Dew_PointF","75700_1","KNN"
"54",0.00489819350459674,0.00256727155804747,NA,"Weekday+ Base_hour_Flag+ TemperatureF+ Dew_PointF","75701_1","KNN"
"55",0.0042401079490758,0.00230346416964446,NA,"Weekday+ Base_hour_Flag+ TemperatureF+ Dew_PointF","75702_1","KNN"
"56",0.00161496132611702,0.00080142959209767,NA,"Weekday+ Base_hour_Flag+ TemperatureF+ Dew_PointF","75703_1","KNN"
"57",0.00763629140270438,0.00397331118423695,NA,"Weekday+ Base_hour_Flag+ TemperatureF+ Dew_PointF","75704_1","KNN"
"58",0.010185905586681,0.00517351930124786,NA,"Weekday+ Base_hour_Flag+ TemperatureF+ Dew_PointF","75705_1","KNN"
"59",0.00628215940414055,0.00316975478893193,NA,"Weekday+ Base_hour_Flag+ TemperatureF+ Dew_PointF","75706_1","KNN"
"60",0.00649546995115284,0.00340728959150012,NA,"Weekday+ Base_hour_Flag+ TemperatureF+ Dew_PointF","75707_1","KNN"
"61",0.00322238743042509,0.00157942645761591,NA,"Weekday+ Base_hour_Flag+ TemperatureF+ Dew_PointF","75708_1","KNN"
"62",0.00310307166883625,0.00164415772653692,NA,"Weekday+ Base_hour_Flag+ TemperatureF+ Dew_PointF","75709_1","KNN"
"63",0.00470695698257699,0.00235325746871552,NA,"Weekday+ Base_hour_Flag+ TemperatureF+ Dew_PointF","75710_1","KNN"
"64",0.0040512900179041,0.00214911947142935,NA,"Weekday+ Base_hour_Flag+ TemperatureF+ Dew_PointF","75711_1","KNN"
"65",0.0259300777603134,0.0124655206462052,NA,"Weekday+ Base_hour_Flag+ TemperatureF+ Dew_PointF","75712_1","KNN"
"66",0.0051118040033773,0.002687478500172,NA,"Weekday+ Base_hour_Flag+ TemperatureF+ Dew_PointF","75713_1","KNN"
"67",0.00584455020025543,0.0033544898573658,NA,"Weekday+ Base_hour_Flag+ TemperatureF+ Dew_PointF","75714_1","KNN"
"68",0.00494718895748898,0.00236937947830511,NA,"Weekday+ Base_hour_Flag+ TemperatureF+ Dew_PointF","75715_1","KNN"
"69",0.000589012545135984,0.000356482244952517,NA,"Weekday+ Base_hour_Flag+ TemperatureF+ Dew_PointF","75716_1","KNN"
"70",0.0108467684087854,0.0059126720687528,NA,"Weekday+ Base_hour_Flag+ TemperatureF+ Dew_PointF","75717_1","KNN"
"71",0.00479746952674239,0.00238775436819326,NA,"Weekday+ Base_hour_Flag+ TemperatureF+ Dew_PointF","75718_1","KNN"
"72",0.00246229080901969,0.00131671827308328,NA,"Weekday+ Base_hour_Flag+ TemperatureF+ Dew_PointF","75719_1","KNN"
"73",0.00678793371526746,0.00355860483178287,NA,"Weekday+ Base_hour_Flag+ TemperatureF+ Dew_PointF","75720_1","KNN"
"74",0.0103520069805937,0.00561442876878037,NA,"Weekday+ Base_hour_Flag+ TemperatureF+ Dew_PointF","75721_1","KNN"
"75",0.0118267696902911,0.0064383352735915,NA,"Weekday+ Base_hour_Flag+ TemperatureF+ Dew_PointF","82254_1","KNN"
